Workbook

Sheet Raw_Data
A1: title | B1: magnitude | C1: date_time | D1: cdi | E1: mmi | F1: alert | G1: tsunami | H1: sig | I1: net | J1: nst | K1: dmin | L1: gap | M1: magType | N1: depth | O1: latitude | P1: longitude | Q1: location | R1: continent | S1: country | T1: converted_datetime | U1: title_pattern | V1: magType_normalized | W1: duplicate_flag
A2: M 6.5 - 42 km W of Sola, Vanuatu | B2: 6.5 | C2: 16/08/2023 12:47 | D2: 7 | E2: 4 | F2: green | G2: 0 | H2: 657 | I2: us | J2: 114 | K2: 7.177 | L2: 25 | M2: mww | N2: 192.955 | O2: -13.8814 | P2: 167.158 | Q2: Sola, Vanuatu | S2: Vanuatu | T2: =DATE(VALUE(MID(C2,7,4)),VALUE(MID(C2,4,2)),VALUE(MID(C2,1,2)))+TIME(VALUE(MID(C2,12,2)),VALUE(MID(C2,15,2)),0) -> 45154.533 | U2: =IF(AND(ISNUMBER(VALUE(MID(A2,7,1))),ISNUMBER(SEARCH("km",A2)),ISNUMBER(SEARCH("of",A2))),"Distance-location","Named-region") -> Named-region | V2: =LOWER(M2) -> mww | W2: =IF(COUNTIFS($A$2:$A$1001,A2,$C$2:$C$1001,C2)>1,"Duplicate","Unique") -> Unique
A3: M 6.5 - 43 km S of Intipucá, El Salvador | B3: 6.5 | C3: 19/07/2023 00:22 | D3: 8 | E3: 6 | F3: yellow | G3: 0 | H3: 775 | I3: us | J3: 92 | K3: 0.679 | L3: 40 | M3: mww | N3: 69.727 | O3: 12.814 | P3: -88.1265 | Q3: Intipucá, El Salvador | T3: =DATE(VALUE(MID(C3,7,4)),VALUE(MID(C3,4,2)),VALUE(MID(C3,1,2)))+TIME(VALUE(MID(C3,12,2)),VALUE(MID(C3,15,2)),0) -> 45126.015 | U3: =IF(AND(ISNUMBER(VALUE(MID(A3,7,1))),ISNUMBER(SEARCH("km",A3)),ISNUMBER(SEARCH("of",A3))),"Distance-location","Named-region") -> Named-region | V3: =LOWER(M3) -> mww | W3: =IF(COUNTIFS($A$2:$A$1001,A3,$C$2:$C$1001,C3)>1,"Duplicate","Unique") -> Unique
A4: M 6.6 - 25 km ESE of Loncopué, Argentina | B4: 6.6 | C4: 17/07/2023 03:05 | D4: 7 | E4: 5 | F4: green | G4: 0 | H4: 899 | I4: us | J4: 70 | K4: 1.634 | L4: 28 | M4: mww | N4: 171.371 | O4: -38.1911 | P4: -70.3731 | Q4: Loncopué, Argentina | R4: South America | S4: Argentina | T4: =DATE(VALUE(MID(C4,7,4)),VALUE(MID(C4,4,2)),VALUE(MID(C4,1,2)))+TIME(VALUE(MID(C4,12,2)),VALUE(MID(C4,15,2)),0) -> 45124.128 | U4: =IF(AND(ISNUMBER(VALUE(MID(A4,7,1))),ISNUMBER(SEARCH("km",A4)),ISNUMBER(SEARCH("of",A4))),"Distance-location","Named-region") -> Named-region | V4: =LOWER(M4) -> mww | W4: =IF(COUNTIFS($A$2:$A$1001,A4,$C$2:$C$1001,C4)>1,"Duplicate","Unique") -> Unique
A5: M 7.2 - 98 km S of Sand Point, Alaska | B5: 7.2 | C5: 16/07/2023 06:48 | D5: 6 | E5: 6 | F5: green | G5: 1 | H5: 860 | I5: us | J5: 173 | K5: 0.907 | L5: 36 | M5: mww | N5: 32.571 | O5: 54.3844 | P5: -160.699 | Q5: Sand Point, Alaska | T5: =DATE(VALUE(MID(C5,7,4)),VALUE(MID(C5,4,2)),VALUE(MID(C5,1,2)))+TIME(VALUE(MID(C5,12,2)),VALUE(MID(C5,15,2)),0) -> 45123.283 | U5: =IF(AND(ISNUMBER(VALUE(MID(A5,7,1))),ISNUMBER(SEARCH("km",A5)),ISNUMBER(SEARCH("of",A5))),"Distance-location","Named-region") -> Named-region | V5: =LOWER(M5) -> mww | W5: =IF(COUNTIFS($A$2:$A$1001,A5,$C$2:$C$1001,C5)>1,"Duplicate","Unique") -> Unique
A6: M 7.3 - Alaska Peninsula | B6: 7.3 | C6: 16/07/2023 06:48 | D6: 0 | E6: 5 | G6: 1 | H6: 820 | I6: at | J6: 79 | K6: 0.879451 | L6: 172.8 | M6: Mi | N6: 21 | O6: 54.49 | P6: -160.796 | Q6: Alaska Peninsula | T6: =DATE(VALUE(MID(C6,7,4)),VALUE(MID(C6,4,2)),VALUE(MID(C6,1,2)))+TIME(VALUE(MID(C6,12,2)),VALUE(MID(C6,15,2)),0) -> 45123.283 | U6: =IF(AND(ISNUMBER(VALUE(MID(A6,7,1))),ISNUMBER(SEARCH("km",A6)),ISNUMBER(SEARCH("of",A6))),"Distance-location","Named-region") -> Named-region | V6: =LOWER(M6) -> mi | W6: =IF(COUNTIFS($A$2:$A$1001,A6,$C$2:$C$1001,C6)>1,"Duplicate","Unique") -> Unique
A7: M 6.6 - 277 km NNE of Codrington, Antigua and Barbuda | B7: 6.6 | C7: 10/07/2023 20:28 | D7: 5 | E7: 4 | F7: green | G7: 1 | H7: 802 | I7: us | J7: 95 | K7: 2.454 | L7: 37 | M7: mww | N7: 10 | O7: 20.0196 | P7: -61.0955 | Q7: Codrington, Antigua and Barbuda | T7: =DATE(VALUE(MID(C7,7,4)),VALUE(MID(C7,4,2)),VALUE(MID(C7,1,2)))+TIME(VALUE(MID(C7,12,2)),VALUE(MID(C7,15,2)),0) -> 45117.853 | U7: =IF(AND(ISNUMBER(VALUE(MID(A7,7,1))),ISNUMBER(SEARCH("km",A7)),ISNUMBER(SEARCH("of",A7))),"Distance-location","Named-region") -> Named-region | V7: =LOWER(M7) -> mww | W7: =IF(COUNTIFS($A$2:$A$1001,A7,$C$2:$C$1001,C7)>1,"Duplicate","Unique") -> Unique
A8: M 6.9 - Tonga | B8: 6.9 | C8: 02/07/2023 10:27 | D8: 4 | E8: 4 | F8: green | G8: 1 | H8: 741 | I8: us | J8: 136 | K8: 1.179 | L8: 23 | M8: mww | N8: 229 | O8: -17.853 | P8: -174.937 | Q8: Tonga | T8: =DATE(VALUE(MID(C8,7,4)),VALUE(MID(C8,4,2)),VALUE(MID(C8,1,2)))+TIME(VALUE(MID(C8,12,2)),VALUE(MID(C8,15,2)),0) -> 45109.435 | U8: =IF(AND(ISNUMBER(VALUE(MID(A8,7,1))),ISNUMBER(SEARCH("km",A8)),ISNUMBER(SEARCH("of",A8))),"Distance-location","Named-region") -> Named-region | V8: =LOWER(M8) -> mww | W8: =IF(COUNTIFS($A$2:$A$1001,A8,$C$2:$C$1001,C8)>1,"Duplicate","Unique") -> Unique
A9: M 7.2 - south of the Fiji Islands | B9: 7.2 | C9: 15/06/2023 18:06 | D9: 8 | E9: 6 | F9: green | G9: 1 | H9: 804 | I9: us | J9: 85 | K9: 2.59 | L9: 24 | M9: mww | N9: 167.404 | O9: -22.9824 | P9: -177.208 | Q9: the Fiji Islands | T9: =DATE(VALUE(MID(C9,7,4)),VALUE(MID(C9,4,2)),VALUE(MID(C9,1,2)))+TIME(VALUE(MID(C9,12,2)),VALUE(MID(C9,15,2)),0) -> 45092.754 | U9: =IF(AND(ISNUMBER(VALUE(MID(A9,7,1))),ISNUMBER(SEARCH("km",A9)),ISNUMBER(SEARCH("of",A9))),"Distance-location","Named-region") -> Named-region | V9: =LOWER(M9) -> mww | W9: =IF(COUNTIFS($A$2:$A$1001,A9,$C$2:$C$1001,C9)>1,"Duplicate","Unique") -> Unique
A10: M 6.6 - Panama-Colombia border region | B10: 6.6 | C10: 25/05/2023 03:05 | D10: 6 | E10: 6 | F10: green | G10: 1 | H10: 733 | I10: us | J10: 50 | K10: 2.163 | L10: 129 | M10: mww | N10: 10 | O10: 8.8894 | P10: -77.1231 | Q10: Panama-Colombia border region | S10: Colombia | T10: =DATE(VALUE(MID(C10,7,4)),VALUE(MID(C10,4,2)),VALUE(MID(C10,1,2)))+TIME(VALUE(MID(C10,12,2)),VALUE(MID(C10,15,2)),0) -> 45071.128 | U10: =IF(AND(ISNUMBER(VALUE(MID(A10,7,1))),ISNUMBER(SEARCH("km",A10)),ISNUMBER(SEARCH("of",A10))),"Distance-location","Named-region") -> Named-region | V10: =LOWER(M10) -> mww | W10: =IF(COUNTIFS($A$2:$A$1001,A10,$C$2:$C$1001,C10)>1,"Duplicate","Unique") -> Unique
A11: M 7.1 - southeast of the Loyalty Islands | B11: 7.1 | C11: 20/05/2023 01:51 | D11: 3 | E11: 4 | F11: green | G11: 1 | H11: 777 | I11: us | J11: 98 | K11: 2.812 | L11: 56 | M11: mww | N11: 35.981 | O11: -23.0622 | P11: 170.456 | Q11: the Loyalty Islands | T11: =DATE(VALUE(MID(C11,7,4)),VALUE(MID(C11,4,2)),VALUE(MID(C11,1,2)))+TIME(VALUE(MID(C11,12,2)),VALUE(MID(C11,15,2)),0) -> 45066.077 | U11: =IF(AND(ISNUMBER(VALUE(MID(A11,7,1))),ISNUMBER(SEARCH("km",A11)),ISNUMBER(SEARCH("of",A11))),"Distance-location","Named-region") -> Named-region | V11: =LOWER(M11) -> mww | W11: =IF(COUNTIFS($A$2:$A$1001,A11,$C$2:$C$1001,C11)>1,"Duplicate","Unique") -> Unique
A12: M 7.7 - southeast of the Loyalty Islands | B12: 7.7 | C12: 19/05/2023 02:57 | D12: 5 | E12: 4 | F12: green | G12: 1 | H12: 927 | I12: us | J12: 277 | K12: 3.111 | L12: 15 | M12: mww | N12: 18.027 | O12: -23.2286 | P12: 170.694 | Q12: the Loyalty Islands | T12: =DATE(VALUE(MID(C12,7,4)),VALUE(MID(C12,4,2)),VALUE(MID(C12,1,2)))+TIME(VALUE(MID(C12,12,2)),VALUE(MID(C12,15,2)),0) -> 45065.123 | U12: =IF(AND(ISNUMBER(VALUE(MID(A12,7,1))),ISNUMBER(SEARCH("km",A12)),ISNUMBER(SEARCH("of",A12))),"Distance-location","Named-region") -> Named-region | V12: =LOWER(M12) -> mww | W12: =IF(COUNTIFS($A$2:$A$1001,A12,$C$2:$C$1001,C12)>1,"Duplicate","Unique") -> Unique
A13: M 7.6 - 95 km WNW of Hihifo, Tonga | B13: 7.6 | C13: 10/05/2023 16:02 | D13: 8 | E13: 6 | F13: green | G13: 1 | H13: 907 | I13: us | J13: 111 | K13: 3.631 | L13: 17 | M13: mww | N13: 210.097 | O13: -15.6002 | P13: -174.608 | Q13: Hihifo, Tonga | T13: =DATE(VALUE(MID(C13,7,4)),VALUE(MID(C13,4,2)),VALUE(MID(C13,1,2)))+TIME(VALUE(MID(C13,12,2)),VALUE(MID(C13,15,2)),0) -> 45056.668 | U13: =IF(AND(ISNUMBER(VALUE(MID(A13,7,1))),ISNUMBER(SEARCH("km",A13)),ISNUMBER(SEARCH("of",A13))),"Distance-location","Named-region") -> Named-region | V13: =LOWER(M13) -> mww | W13: =IF(COUNTIFS($A$2:$A$1001,A13,$C$2:$C$1001,C13)>1,"Duplicate","Unique") -> Unique
A14: M 6.6 - south of the Fiji Islands | B14: 6.6 | C14: 28/04/2023 03:13 | D14: 0 | E14: 2 | F14: green | G14: 0 | H14: 670 | I14: us | J14: 52 | K14: 5.123 | L14: 50 | M14: mww | N14: 598.467 | O14: -25.2657 | P14: 178.424 | Q14: the Fiji Islands | T14: =DATE(VALUE(MID(C14,7,4)),VALUE(MID(C14,4,2)),VALUE(MID(C14,1,2)))+TIME(VALUE(MID(C14,12,2)),VALUE(MID(C14,15,2)),0) -> 45044.134 | U14: =IF(AND(ISNUMBER(VALUE(MID(A14,7,1))),ISNUMBER(SEARCH("km",A14)),ISNUMBER(SEARCH("of",A14))),"Distance-location","Named-region") -> Named-region | V14: =LOWER(M14) -> mww | W14: =IF(COUNTIFS($A$2:$A$1001,A14,$C$2:$C$1001,C14)>1,"Duplicate","Unique") -> Unique
A15: M 7.1 - 170 km SSE of Teluk Dalam, Indonesia | B15: 7.1 | C15: 24/04/2023 20:00 | D15: 9 | E15: 7 | F15: green | G15: 0 | H15: 838 | I15: us | J15: 70 | K15: 2.282 | L15: 58 | M15: mww | N15: 15.462 | O15: -0.781 | P15: 98.5339 | Q15: Teluk Dalam, Indonesia | S15: Indonesia | T15: =DATE(VALUE(MID(C15,7,4)),VALUE(MID(C15,4,2)),VALUE(MID(C15,1,2)))+TIME(VALUE(MID(C15,12,2)),VALUE(MID(C15,15,2)),0) -> 45040.833 | U15: =IF(AND(ISNUMBER(VALUE(MID(A15,7,1))),ISNUMBER(SEARCH("km",A15)),ISNUMBER(SEARCH("of",A15))),"Distance-location","Named-region") -> Named-region | V15: =LOWER(M15) -> mww | W15: =IF(COUNTIFS($A$2:$A$1001,A15,$C$2:$C$1001,C15)>1,"Duplicate","Unique") -> Unique
A16: M 7.1 - Kermadec Islands, New Zealand | B16: 7.1 | C16: 24/04/2023 00:41 | D16: 8 | E16: 7 | F16: green | G16: 1 | H16: 777 | I16: us | J16: 126 | K16: 0.708 | L16: 23 | M16: mww | N16: 43.063 | O16: -30.0249 | P16: -177.897 | Q16: Kermadec Islands, New Zealand | T16: =DATE(VALUE(MID(C16,7,4)),VALUE(MID(C16,4,2)),VALUE(MID(C16,1,2)))+TIME(VALUE(MID(C16,12,2)),VALUE(MID(C16,15,2)),0) -> 45040.028 | U16: =IF(AND(ISNUMBER(VALUE(MID(A16,7,1))),ISNUMBER(SEARCH("km",A16)),ISNUMBER(SEARCH("of",A16))),"Distance-location","Named-region") -> Named-region | V16: =LOWER(M16) -> mww | W16: =IF(COUNTIFS($A$2:$A$1001,A16,$C$2:$C$1001,C16)>1,"Duplicate","Unique") -> Unique
A17: M 6.7 - south of the Fiji Islands | B17: 6.7 | C17: 18/04/2023 04:31 | D17: 0 | E17: 3 | F17: green | G17: 1 | H17: 691 | I17: us | J17: 166 | K17: 4.719 | L17: 10 | M17: mww | N17: 595.854 | O17: -22.2844 | P17: 179.391 | Q17: the Fiji Islands | T17: =DATE(VALUE(MID(C17,7,4)),VALUE(MID(C17,4,2)),VALUE(MID(C17,1,2)))+TIME(VALUE(MID(C17,12,2)),VALUE(MID(C17,15,2)),0) -> 45034.188 | U17: =IF(AND(ISNUMBER(VALUE(MID(A17,7,1))),ISNUMBER(SEARCH("km",A17)),ISNUMBER(SEARCH("of",A17))),"Distance-location","Named-region") -> Named-region | V17: =LOWER(M17) -> mww | W17: =IF(COUNTIFS($A$2:$A$1001,A17,$C$2:$C$1001,C17)>1,"Duplicate","Unique") -> Unique
A18: M 7.0 - 96 km N of Tuban, Indonesia | B18: 7 | C18: 14/04/2023 09:55 | D18: 5 | E18: 3 | F18: green | G18: 0 | H18: 818 | I18: us | J18: 131 | K18: 1.881 | L18: 31 | M18: mww | N18: 594.028 | O18: -6.0255 | P18: 112.033 | Q18: Tuban, Indonesia | S18: Indonesia | T18: =DATE(VALUE(MID(C18,7,4)),VALUE(MID(C18,4,2)),VALUE(MID(C18,1,2)))+TIME(VALUE(MID(C18,12,2)),VALUE(MID(C18,15,2)),0) -> 45030.413 | U18: =IF(AND(ISNUMBER(VALUE(MID(A18,7,1))),ISNUMBER(SEARCH("km",A18)),ISNUMBER(SEARCH("of",A18))),"Distance-location","Named-region") -> Named-region | V18: =LOWER(M18) -> mww | W18: =IF(COUNTIFS($A$2:$A$1001,A18,$C$2:$C$1001,C18)>1,"Duplicate","Unique") -> Unique
A19: M 6.5 - near the east coast of the Kamchatka Peninsula, Russia | B19: 6.5 | C19: 03/04/2023 03:06 | D19: 7 | E19: 6 | F19: yellow | G19: 1 | H19: 655 | I19: us | J19: 104 | K19: 0.266 | L19: 30 | M19: mww | N19: 105.631 | O19: 52.7772 | P19: 158.484 | Q19: the Kamchatka Peninsula, Russia | R19: Asia | S19: Russian Federation (the) | T19: =DATE(VALUE(MID(C19,7,4)),VALUE(MID(C19,4,2)),VALUE(MID(C19,1,2)))+TIME(VALUE(MID(C19,12,2)),VALUE(MID(C19,15,2)),0) -> 45019.129 | U19: =IF(AND(ISNUMBER(VALUE(MID(A19,7,1))),ISNUMBER(SEARCH("km",A19)),ISNUMBER(SEARCH("of",A19))),"Distance-location","Named-region") -> Named-region | V19: =LOWER(M19) -> mww | W19: =IF(COUNTIFS($A$2:$A$1001,A19,$C$2:$C$1001,C19)>1,"Duplicate","Unique") -> Unique
A20: M 7.0 - New Guinea, Papua New Guinea | B20: 7 | C20: 02/04/2023 18:04 | D20: 7 | E20: 7 | F20: green | G20: 1 | H20: 781 | I20: us | J20: 105 | K20: 6.45 | L20: 31 | M20: mww | N20: 62.603 | O20: -4.2924 | P20: 143.155 | Q20: New Guinea, Papua New Guinea | R20: Asia | S20: Papua New Guinea | T20: =DATE(VALUE(MID(C20,7,4)),VALUE(MID(C20,4,2)),VALUE(MID(C20,1,2)))+TIME(VALUE(MID(C20,12,2)),VALUE(MID(C20,15,2)),0) -> 45018.753 | U20: =IF(AND(ISNUMBER(VALUE(MID(A20,7,1))),ISNUMBER(SEARCH("km",A20)),ISNUMBER(SEARCH("of",A20))),"Distance-location","Named-region") -> Named-region | V20: =LOWER(M20) -> mww | W20: =IF(COUNTIFS($A$2:$A$1001,A20,$C$2:$C$1001,C20)>1,"Duplicate","Unique") -> Unique
A21: M 6.5 - 84 km NNW of San Antonio de los Cobres, Argentina | B21: 6.5 | C21: 22/03/2023 16:00 | D21: 4 | E21: 4 | F21: green | G21: 0 | H21: 656 | I21: us | J21: 97 | K21: 1.622 | L21: 33 | M21: mww | N21: 209.976 | O21: -23.4797 | P21: -66.5108 | Q21: San Antonio de los Cobres, Argentina | R21: South America | S21: Argentina | T21: =DATE(VALUE(MID(C21,7,4)),VALUE(MID(C21,4,2)),VALUE(MID(C21,1,2)))+TIME(VALUE(MID(C21,12,2)),VALUE(MID(C21,15,2)),0) -> 45007.667 | U21: =IF(AND(ISNUMBER(VALUE(MID(A21,7,1))),ISNUMBER(SEARCH("km",A21)),ISNUMBER(SEARCH("of",A21))),"Distance-location","Named-region") -> Named-region | V21: =LOWER(M21) -> mww | W21: =IF(COUNTIFS($A$2:$A$1001,A21,$C$2:$C$1001,C21)>1,"Duplicate","Unique") -> Unique
A22: M 6.5 - 40 km SSE of Jurm, Afghanistan | B22: 6.5 | C22: 21/03/2023 16:47 | D22: 7 | E22: 5 | F22: green | G22: 0 | H22: 1350 | I22: us | J22: 134 | K22: 2.53 | L22: 13 | M22: mww | N22: 187.589 | O22: 36.5227 | P22: 70.9787 | Q22: Jurm, Afghanistan | R22: Asia | S22: Afghanistan | T22: =DATE(VALUE(MID(C22,7,4)),VALUE(MID(C22,4,2)),VALUE(MID(C22,1,2)))+TIME(VALUE(MID(C22,12,2)),VALUE(MID(C22,15,2)),0) -> 45006.699 | U22: =IF(AND(ISNUMBER(VALUE(MID(A22,7,1))),ISNUMBER(SEARCH("km",A22)),ISNUMBER(SEARCH("of",A22))),"Distance-location","Named-region") -> Named-region | V22: =LOWER(M22) -> mww | W22: =IF(COUNTIFS($A$2:$A$1001,A22,$C$2:$C$1001,C22)>1,"Duplicate","Unique") -> Unique
A23: M 6.8 - near the coast of Ecuador | B23: 6.8 | C23: 18/03/2023 17:12 | D23: 9 | E23: 7 | F23: orange | G23: 1 | H23: 1159 | I23: us | J23: 152 | K23: 0.709 | L23: 28 | M23: mww | N23: 65.842 | O23: -2.851 | P23: -79.8001 | Q23: Ecuador | R23: South America | S23: Ecuador | T23: =DATE(VALUE(MID(C23,7,4)),VALUE(MID(C23,4,2)),VALUE(MID(C23,1,2)))+TIME(VALUE(MID(C23,12,2)),VALUE(MID(C23,15,2)),0) -> 45003.717 | U23: =IF(AND(ISNUMBER(VALUE(MID(A23,7,1))),ISNUMBER(SEARCH("km",A23)),ISNUMBER(SEARCH("of",A23))),"Distance-location","Named-region") -> Named-region | V23: =LOWER(M23) -> mww | W23: =IF(COUNTIFS($A$2:$A$1001,A23,$C$2:$C$1001,C23)>1,"Duplicate","Unique") -> Unique
A24: M 7.0 - Kermadec Islands region | B24: 7 | C24: 16/03/2023 00:56 | D24: 8 | E24: 5 | F24: green | G24: 1 | H24: 756 | I24: us | J24: 116 | K24: 1.789 | L24: 22 | M24: mww | N24: 22.065 | O24: -30.1147 | P24: -176.112 | Q24: Kermadec Islands region | T24: =DATE(VALUE(MID(C24,7,4)),VALUE(MID(C24,4,2)),VALUE(MID(C24,1,2)))+TIME(VALUE(MID(C24,12,2)),VALUE(MID(C24,15,2)),0) -> 45001.039 | U24: =IF(AND(ISNUMBER(VALUE(MID(A24,7,1))),ISNUMBER(SEARCH("km",A24)),ISNUMBER(SEARCH("of",A24))),"Distance-location","Named-region") -> Named-region | V24: =LOWER(M24) -> mww | W24: =IF(COUNTIFS($A$2:$A$1001,A24,$C$2:$C$1001,C24)>1,"Duplicate","Unique") -> Unique
A25: M 6.9 - Kermadec Islands, New Zealand | B25: 6.9 | C25: 04/03/2023 06:41 | D25: 5 | E25: 5 | F25: green | G25: 1 | H25: 735 | I25: us | J25: 108 | K25: 0.784 | L25: 18 | M25: mww | N25: 205.681 | O25: -29.4748 | P25: -178.787 | Q25: Kermadec Islands, New Zealand | T25: =DATE(VALUE(MID(C25,7,4)),VALUE(MID(C25,4,2)),VALUE(MID(C25,1,2)))+TIME(VALUE(MID(C25,12,2)),VALUE(MID(C25,15,2)),0) -> 44989.278 | U25: =IF(AND(ISNUMBER(VALUE(MID(A25,7,1))),ISNUMBER(SEARCH("km",A25)),ISNUMBER(SEARCH("of",A25))),"Distance-location","Named-region") -> Named-region | V25: =LOWER(M25) -> mww | W25: =IF(COUNTIFS($A$2:$A$1001,A25,$C$2:$C$1001,C25)>1,"Duplicate","Unique") -> Unique
A26: M 6.5 - 86 km WSW of Port-Olry, Vanuatu | B26: 6.5 | C26: 02/03/2023 18:04 | D26: 7 | E26: 6 | F26: green | G26: 1 | H26: 653 | I26: us | J26: 66 | K26: 5.483 | L26: 45 | M26: mww | N26: 10 | O26: -15.3597 | P26: 166.385 | Q26: Port-Olry, Vanuatu | T26: =DATE(VALUE(MID(C26,7,4)),VALUE(MID(C26,4,2)),VALUE(MID(C26,1,2)))+TIME(VALUE(MID(C26,12,2)),VALUE(MID(C26,15,2)),0) -> 44987.753 | U26: =IF(AND(ISNUMBER(VALUE(MID(A26,7,1))),ISNUMBER(SEARCH("km",A26)),ISNUMBER(SEARCH("of",A26))),"Distance-location","Named-region") -> Named-region | V26: =LOWER(M26) -> mww | W26: =IF(COUNTIFS($A$2:$A$1001,A26,$C$2:$C$1001,C26)>1,"Duplicate","Unique") -> Unique
A27: M 6.5 - 108 km NW of Kimbe, Papua New Guinea | B27: 6.5 | C27: 01/03/2023 05:36 | D27: 4 | E27: 2 | F27: green | G27: 1 | H27: 652 | I27: us | J27: 115 | K27: 2.739 | L27: 20 | M27: mww | N27: 598.925 | O27: -4.8138 | P27: 149.487 | Q27: Kimbe, Papua New Guinea | S27: Papua New Guinea | T27: =DATE(VALUE(MID(C27,7,4)),VALUE(MID(C27,4,2)),VALUE(MID(C27,1,2)))+TIME(VALUE(MID(C27,12,2)),VALUE(MID(C27,15,2)),0) -> 44986.233 | U27: =IF(AND(ISNUMBER(VALUE(MID(A27,7,1))),ISNUMBER(SEARCH("km",A27)),ISNUMBER(SEARCH("of",A27))),"Distance-location","Named-region") -> Named-region | V27: =LOWER(M27) -> mww | W27: =IF(COUNTIFS($A$2:$A$1001,A27,$C$2:$C$1001,C27)>1,"Duplicate","Unique") -> Unique
A28: M 6.8 - 67 km W of Murghob, Tajikistan | B28: 6.8 | C28: 23/02/2023 00:37 | D28: 9 | E28: 7 | F28: green | G28: 0 | H28: 737 | I28: us | J28: 128 | K28: 1.783 | L28: 20 | M28: mww | N28: 20.522 | O28: 38.0726 | P28: 73.2077 | Q28: Murghob, Tajikistan | R28: Asia | S28: Tajikistan | T28: =DATE(VALUE(MID(C28,7,4)),VALUE(MID(C28,4,2)),VALUE(MID(C28,1,2)))+TIME(VALUE(MID(C28,12,2)),VALUE(MID(C28,15,2)),0) -> 44980.026 | U28: =IF(AND(ISNUMBER(VALUE(MID(A28,7,1))),ISNUMBER(SEARCH("km",A28)),ISNUMBER(SEARCH("of",A28))),"Distance-location","Named-region") -> Named-region | V28: =LOWER(M28) -> mww | W28: =IF(COUNTIFS($A$2:$A$1001,A28,$C$2:$C$1001,C28)>1,"Duplicate","Unique") -> Unique
A29: M 7.5 - 4 km SSE of Ekinözü, Turkey | B29: 7.5 | C29: 06/02/2023 10:24 | D29: 9 | E29: 9 | F29: orange | G29: 0 | H29: 1411 | I29: us | J29: 135 | K29: 0.85 | L29: 17 | M29: mww | N29: 10 | O29: 38.0235 | P29: 37.203 | Q29: Ekinözü, Turkey | R29: Asia | S29: Turkiye | T29: =DATE(VALUE(MID(C29,7,4)),VALUE(MID(C29,4,2)),VALUE(MID(C29,1,2)))+TIME(VALUE(MID(C29,12,2)),VALUE(MID(C29,15,2)),0) -> 44963.433 | U29: =IF(AND(ISNUMBER(VALUE(MID(A29,7,1))),ISNUMBER(SEARCH("km",A29)),ISNUMBER(SEARCH("of",A29))),"Distance-location","Named-region") -> Named-region | V29: =LOWER(M29) -> mww | W29: =IF(COUNTIFS($A$2:$A$1001,A29,$C$2:$C$1001,C29)>1,"Duplicate","Unique") -> Unique
A30: M 6.7 - 18 km ESE of Nurdağı, Turkey | B30: 6.7 | C30: 06/02/2023 01:28 | D30: 9 | E30: 8 | F30: yellow | G30: 0 | H30: 800 | I30: us | J30: 108 | K30: 0.218 | L30: 44 | M30: mww | N30: 14.497 | O30: 37.4135 | P30: 36.8306 | Q30: Nurdağı, Turkey | R30: Asia | S30: Turkiye | T30: =DATE(VALUE(MID(C30,7,4)),VALUE(MID(C30,4,2)),VALUE(MID(C30,1,2)))+TIME(VALUE(MID(C30,12,2)),VALUE(MID(C30,15,2)),0) -> 44963.061 | U30: =IF(AND(ISNUMBER(VALUE(MID(A30,7,1))),ISNUMBER(SEARCH("km",A30)),ISNUMBER(SEARCH("of",A30))),"Distance-location","Named-region") -> Named-region | V30: =LOWER(M30) -> mww | W30: =IF(COUNTIFS($A$2:$A$1001,A30,$C$2:$C$1001,C30)>1,"Duplicate","Unique") -> Unique
A31: M 7.8 - Central Turkey | B31: 7.8 | C31: 06/02/2023 01:17 | D31: 9 | E31: 9 | F31: red | G31: 0 | H31: 2910 | I31: us | J31: 118 | K31: 1.919 | L31: 32 | M31: mww | N31: 17.925 | O31: 37.2012 | P31: 36.9997 | Q31: Central Turkey | R31: Asia | S31: Turkiye | T31: =DATE(VALUE(MID(C31,7,4)),VALUE(MID(C31,4,2)),VALUE(MID(C31,1,2)))+TIME(VALUE(MID(C31,12,2)),VALUE(MID(C31,15,2)),0) -> 44963.053 | U31: =IF(AND(ISNUMBER(VALUE(MID(A31,7,1))),ISNUMBER(SEARCH("km",A31)),ISNUMBER(SEARCH("of",A31))),"Distance-location","Named-region") -> Named-region | V31: =LOWER(M31) -> mww | W31: =IF(COUNTIFS($A$2:$A$1001,A31,$C$2:$C$1001,C31)>1,"Duplicate","Unique") -> Unique
A32: M 6.8 - | B32: 6.8 | C32: 20/01/2023 22:09 | D32: 4 | E32: 3 | F32: green | G32: 0 | H32: 718 | I32: us | J32: 60 | K32: 5.129 | L32: 61 | M32: mww | N32: 610.671 | O32: -26.7209 | P32: -63.0394 | R32: South America | S32: Argentina | T32: =DATE(VALUE(MID(C32,7,4)),VALUE(MID(C32,4,2)),VALUE(MID(C32,1,2)))+TIME(VALUE(MID(C32,12,2)),VALUE(MID(C32,15,2)),0) -> 44946.923 | U32: =IF(AND(ISNUMBER(VALUE(MID(A32,7,1))),ISNUMBER(SEARCH("km",A32)),ISNUMBER(SEARCH("of",A32))),"Distance-location","Named-region") -> Named-region | V32: =LOWER(M32) -> mww | W32: =IF(COUNTIFS($A$2:$A$1001,A32,$C$2:$C$1001,C32)>1,"Duplicate","Unique") -> Unique
A33: M 7.0 - 153 km NW of Tobelo, Indonesia | B33: 7 | C33: 18/01/2023 06:06 | D33: 3 | E33: 5 | F33: green | G33: 1 | H33: 756 | I33: us | J33: 130 | K33: 1.974 | L33: 17 | M33: mwc | N33: 28.566 | O33: 2.7401 | P33: 127.051 | Q33: Tobelo, Indonesia | S33: Indonesia | T33: =DATE(VALUE(MID(C33,7,4)),VALUE(MID(C33,4,2)),VALUE(MID(C33,1,2)))+TIME(VALUE(MID(C33,12,2)),VALUE(MID(C33,15,2)),0) -> 44944.254 | U33: =IF(AND(ISNUMBER(VALUE(MID(A33,7,1))),ISNUMBER(SEARCH("km",A33)),ISNUMBER(SEARCH("of",A33))),"Distance-location","Named-region") -> Named-region | V33: =LOWER(M33) -> mwc | W33: =IF(COUNTIFS($A$2:$A$1001,A33,$C$2:$C$1001,C33)>1,"Duplicate","Unique") -> Unique
A34: M 7.6 - Pulau Pulau Tanimbar, Indonesia | B34: 7.6 | C34: 09/01/2023 17:47 | D34: 5 | E34: 7 | F34: green | G34: 0 | H34: 957 | I34: us | J34: 114 | K34: 1.575 | L34: 21 | M34: mww | N34: 105.249 | O34: -7.0852 | P34: 130.039 | Q34: Pulau Pulau Tanimbar, Indonesia | S34: Indonesia | T34: =DATE(VALUE(MID(C34,7,4)),VALUE(MID(C34,4,2)),VALUE(MID(C34,1,2)))+TIME(VALUE(MID(C34,12,2)),VALUE(MID(C34,15,2)),0) -> 44935.741 | U34: =IF(AND(ISNUMBER(VALUE(MID(A34,7,1))),ISNUMBER(SEARCH("km",A34)),ISNUMBER(SEARCH("of",A34))),"Distance-location","Named-region") -> Named-region | V34: =LOWER(M34) -> mww | W34: =IF(COUNTIFS($A$2:$A$1001,A34,$C$2:$C$1001,C34)>1,"Duplicate","Unique") -> Unique
A35: M 7.0 - Vanuatu | B35: 7 | C35: 08/01/2023 12:32 | D35: 8 | E35: 7 | F35: green | G35: 1 | H35: 768 | I35: us | J35: 116 | K35: 6.096 | L35: 36 | M35: mww | N35: 29 | O35: -14.9383 | P35: 166.878 | Q35: Vanuatu | S35: Vanuatu | T35: =DATE(VALUE(MID(C35,7,4)),VALUE(MID(C35,4,2)),VALUE(MID(C35,1,2)))+TIME(VALUE(MID(C35,12,2)),VALUE(MID(C35,15,2)),0) -> 44934.522 | U35: =IF(AND(ISNUMBER(VALUE(MID(A35,7,1))),ISNUMBER(SEARCH("km",A35)),ISNUMBER(SEARCH("of",A35))),"Distance-location","Named-region") -> Named-region | V35: =LOWER(M35) -> mww | W35: =IF(COUNTIFS($A$2:$A$1001,A35,$C$2:$C$1001,C35)>1,"Duplicate","Unique") -> Unique
A36: M 6.8 - 109 km NE of Hihifo, Tonga | B36: 6.8 | C36: 04/12/2022 19:24 | D36: 5 | E36: 5 | F36: green | G36: 1 | H36: 720 | I36: us | J36: 152 | K36: 2.587 | L36: 26 | M36: mww | N36: 38 | O36: -15.3983 | P36: -172.968 | Q36: Hihifo, Tonga | T36: =DATE(VALUE(MID(C36,7,4)),VALUE(MID(C36,4,2)),VALUE(MID(C36,1,2)))+TIME(VALUE(MID(C36,12,2)),VALUE(MID(C36,15,2)),0) -> 44899.808 | U36: =IF(AND(ISNUMBER(VALUE(MID(A36,7,1))),ISNUMBER(SEARCH("km",A36)),ISNUMBER(SEARCH("of",A36))),"Distance-location","Named-region") -> Named-region | V36: =LOWER(M36) -> mww | W36: =IF(COUNTIFS($A$2:$A$1001,A36,$C$2:$C$1001,C36)>1,"Duplicate","Unique") -> Unique
A37: M 7.0 - 18 km SW of Malango, Solomon Islands | B37: 7 | C37: 22/11/2022 02:03 | D37: 8 | E37: 7 | F37: green | G37: 1 | H37: 768 | I37: us | J37: 117 | K37: 0.509 | L37: 17 | M37: mww | N37: 14 | O37: -9.7963 | P37: 159.596 | Q37: Malango, Solomon Islands | R37: Oceania | S37: Solomon Islands | T37: =DATE(VALUE(MID(C37,7,4)),VALUE(MID(C37,4,2)),VALUE(MID(C37,1,2)))+TIME(VALUE(MID(C37,12,2)),VALUE(MID(C37,15,2)),0) -> 44887.085 | U37: =IF(AND(ISNUMBER(VALUE(MID(A37,7,1))),ISNUMBER(SEARCH("km",A37)),ISNUMBER(SEARCH("of",A37))),"Distance-location","Named-region") -> Named-region | V37: =LOWER(M37) -> mww | W37: =IF(COUNTIFS($A$2:$A$1001,A37,$C$2:$C$1001,C37)>1,"Duplicate","Unique") -> Unique
A38: M 6.9 - 204 km SW of Bengkulu, Indonesia | B38: 6.9 | C38: 18/11/2022 13:37 | D38: 4 | E38: 4 | F38: green | G38: 0 | H38: 735 | I38: us | J38: 99 | K38: 2.229 | L38: 34 | M38: mww | N38: 25 | O38: -4.9559 | P38: 100.738 | Q38: Bengkulu, Indonesia | T38: =DATE(VALUE(MID(C38,7,4)),VALUE(MID(C38,4,2)),VALUE(MID(C38,1,2)))+TIME(VALUE(MID(C38,12,2)),VALUE(MID(C38,15,2)),0) -> 44883.567 | U38: =IF(AND(ISNUMBER(VALUE(MID(A38,7,1))),ISNUMBER(SEARCH("km",A38)),ISNUMBER(SEARCH("of",A38))),"Distance-location","Named-region") -> Named-region | V38: =LOWER(M38) -> mww | W38: =IF(COUNTIFS($A$2:$A$1001,A38,$C$2:$C$1001,C38)>1,"Duplicate","Unique") -> Unique
A39: M 7.0 - | B39: 7 | C39: 12/11/2022 07:09 | D39: 3 | E39: 3 | F39: green | G39: 1 | H39: 755 | I39: us | J39: 147 | K39: 3.125 | L39: 18 | M39: mww | N39: 579 | O39: -20.0508 | P39: -178.346 | R39: Oceania | S39: Fiji | T39: =DATE(VALUE(MID(C39,7,4)),VALUE(MID(C39,4,2)),VALUE(MID(C39,1,2)))+TIME(VALUE(MID(C39,12,2)),VALUE(MID(C39,15,2)),0) -> 44877.298 | U39: =IF(AND(ISNUMBER(VALUE(MID(A39,7,1))),ISNUMBER(SEARCH("km",A39)),ISNUMBER(SEARCH("of",A39))),"Distance-location","Named-region") -> Named-region | V39: =LOWER(M39) -> mww | W39: =IF(COUNTIFS($A$2:$A$1001,A39,$C$2:$C$1001,C39)>1,"Duplicate","Unique") -> Unique
A40: M 7.3 - 205 km ESE of Neiafu, Tonga | B40: 7.3 | C40: 11/11/2022 10:48 | D40: 5 | E40: 5 | F40: green | G40: 1 | H40: 833 | I40: us | J40: 149 | K40: 1.865 | L40: 21 | M40: mww | N40: 37 | O40: -19.2918 | P40: -172.129 | Q40: Neiafu, Tonga | T40: =DATE(VALUE(MID(C40,7,4)),VALUE(MID(C40,4,2)),VALUE(MID(C40,1,2)))+TIME(VALUE(MID(C40,12,2)),VALUE(MID(C40,15,2)),0) -> 44876.45 | U40: =IF(AND(ISNUMBER(VALUE(MID(A40,7,1))),ISNUMBER(SEARCH("km",A40)),ISNUMBER(SEARCH("of",A40))),"Distance-location","Named-region") -> Named-region | V40: =LOWER(M40) -> mww | W40: =IF(COUNTIFS($A$2:$A$1001,A40,$C$2:$C$1001,C40)>1,"Duplicate","Unique") -> Unique
A41: M 6.6 - | B41: 6.6 | C41: 09/11/2022 10:14 | D41: 0 | E41: 2 | F41: green | G41: 1 | H41: 670 | I41: us | J41: 131 | K41: 4.998 | L41: 27 | M41: mww | N41: 624.464 | O41: -25.5948 | P41: 178.278 | T41: =DATE(VALUE(MID(C41,7,4)),VALUE(MID(C41,4,2)),VALUE(MID(C41,1,2)))+TIME(VALUE(MID(C41,12,2)),VALUE(MID(C41,15,2)),0) -> 44874.426 | U41: =IF(AND(ISNUMBER(VALUE(MID(A41,7,1))),ISNUMBER(SEARCH("km",A41)),ISNUMBER(SEARCH("of",A41))),"Distance-location","Named-region") -> Named-region | V41: =LOWER(M41) -> mww | W41: =IF(COUNTIFS($A$2:$A$1001,A41,$C$2:$C$1001,C41)>1,"Duplicate","Unique") -> Unique
A42: M 7.0 - south of the Fiji Islands | B42: 7 | C42: 09/11/2022 09:51 | D42: 4 | E42: 3 | F42: green | G42: 1 | H42: 755 | I42: us | J42: 142 | K42: 4.578 | L42: 26 | M42: mwb | N42: 660 | O42: -26.0442 | P42: 178.381 | Q42: the Fiji Islands | T42: =DATE(VALUE(MID(C42,7,4)),VALUE(MID(C42,4,2)),VALUE(MID(C42,1,2)))+TIME(VALUE(MID(C42,12,2)),VALUE(MID(C42,15,2)),0) -> 44874.41 | U42: =IF(AND(ISNUMBER(VALUE(MID(A42,7,1))),ISNUMBER(SEARCH("km",A42)),ISNUMBER(SEARCH("of",A42))),"Distance-location","Named-region") -> Named-region | V42: =LOWER(M42) -> mwb | W42: =IF(COUNTIFS($A$2:$A$1001,A42,$C$2:$C$1001,C42)>1,"Duplicate","Unique") -> Unique
A43: M 6.8 - south of the Fiji Islands | B43: 6.8 | C43: 09/11/2022 09:38 | D43: 1 | E43: 3 | F43: green | G43: 1 | H43: 711 | I43: us | J43: 136 | K43: 4.678 | L43: 22 | M43: mww | N43: 630.379 | O43: -25.9678 | P43: 178.363 | Q43: the Fiji Islands | T43: =DATE(VALUE(MID(C43,7,4)),VALUE(MID(C43,4,2)),VALUE(MID(C43,1,2)))+TIME(VALUE(MID(C43,12,2)),VALUE(MID(C43,15,2)),0) -> 44874.401 | U43: =IF(AND(ISNUMBER(VALUE(MID(A43,7,1))),ISNUMBER(SEARCH("km",A43)),ISNUMBER(SEARCH("of",A43))),"Distance-location","Named-region") -> Named-region | V43: =LOWER(M43) -> mww | W43: =IF(COUNTIFS($A$2:$A$1001,A43,$C$2:$C$1001,C43)>1,"Duplicate","Unique") -> Unique
A44: M 6.7 - 60 km SSW of Boca Chica, Panama | B44: 6.7 | C44: 20/10/2022 11:57 | D44: 7 | E44: 6 | F44: green | G44: 1 | H44: 797 | I44: us | J44: 145 | K44: 1.151 | L44: 37 | M44: mww | N44: 20 | O44: 7.6712 | P44: -82.3396 | Q44: Boca Chica, Panama | S44: Panama | T44: =DATE(VALUE(MID(C44,7,4)),VALUE(MID(C44,4,2)),VALUE(MID(C44,1,2)))+TIME(VALUE(MID(C44,12,2)),VALUE(MID(C44,15,2)),0) -> 44854.498 | U44: =IF(AND(ISNUMBER(VALUE(MID(A44,7,1))),ISNUMBER(SEARCH("km",A44)),ISNUMBER(SEARCH("of",A44))),"Distance-location","Named-region") -> Named-region | V44: =LOWER(M44) -> mww | W44: =IF(COUNTIFS($A$2:$A$1001,A44,$C$2:$C$1001,C44)>1,"Duplicate","Unique") -> Unique
A45: M 6.8 - 55 km SSW of Aguililla, Mexico | B45: 6.8 | C45: 22/09/2022 06:16 | D45: 8 | E45: 7 | F45: yellow | G45: 1 | H45: 1179 | I45: us | J45: 175 | K45: 2.137 | L45: 92 | M45: mww | N45: 20 | O45: 18.33 | P45: -102.913 | Q45: Aguililla, Mexico | R45: North America | S45: Mexico | T45: =DATE(VALUE(MID(C45,7,4)),VALUE(MID(C45,4,2)),VALUE(MID(C45,1,2)))+TIME(VALUE(MID(C45,12,2)),VALUE(MID(C45,15,2)),0) -> 44826.261 | U45: =IF(AND(ISNUMBER(VALUE(MID(A45,7,1))),ISNUMBER(SEARCH("km",A45)),ISNUMBER(SEARCH("of",A45))),"Distance-location","Named-region") -> Named-region | V45: =LOWER(M45) -> mww | W45: =IF(COUNTIFS($A$2:$A$1001,A45,$C$2:$C$1001,C45)>1,"Duplicate","Unique") -> Unique
A46: M 7.6 - 35 km SSW of Aguililla, Mexico | B46: 7.6 | C46: 19/09/2022 18:05 | D46: 9 | E46: 8 | F46: yellow | G46: 1 | H46: 1799 | I46: us | J46: 271 | K46: 1.153 | L46: 69 | M46: mww | N46: 26.943 | O46: 18.3667 | P46: -103.252 | Q46: Aguililla, Mexico | R46: North America | S46: Mexico | T46: =DATE(VALUE(MID(C46,7,4)),VALUE(MID(C46,4,2)),VALUE(MID(C46,1,2)))+TIME(VALUE(MID(C46,12,2)),VALUE(MID(C46,15,2)),0) -> 44823.753 | U46: =IF(AND(ISNUMBER(VALUE(MID(A46,7,1))),ISNUMBER(SEARCH("km",A46)),ISNUMBER(SEARCH("of",A46))),"Distance-location","Named-region") -> Named-region | V46: =LOWER(M46) -> mww | W46: =IF(COUNTIFS($A$2:$A$1001,A46,$C$2:$C$1001,C46)>1,"Duplicate","Unique") -> Unique
A47: M 6.9 - 90 km E of Yujing, Taiwan | B47: 6.9 | C47: 18/09/2022 06:44 | D47: 9 | E47: 9 | F47: yellow | G47: 1 | H47: 887 | I47: us | J47: 215 | K47: 0.401 | L47: 34 | M47: mww | N47: 10 | O47: 23.1444 | P47: 121.307 | Q47: Yujing, Taiwan | R47: Asia | S47: Taiwan | T47: =DATE(VALUE(MID(C47,7,4)),VALUE(MID(C47,4,2)),VALUE(MID(C47,1,2)))+TIME(VALUE(MID(C47,12,2)),VALUE(MID(C47,15,2)),0) -> 44822.281 | U47: =IF(AND(ISNUMBER(VALUE(MID(A47,7,1))),ISNUMBER(SEARCH("km",A47)),ISNUMBER(SEARCH("of",A47))),"Distance-location","Named-region") -> Named-region | V47: =LOWER(M47) -> mww | W47: =IF(COUNTIFS($A$2:$A$1001,A47,$C$2:$C$1001,C47)>1,"Duplicate","Unique") -> Unique
A48: M 6.5 - 96 km SE of Lugu, Taiwan | B48: 6.5 | C48: 17/09/2022 13:41 | D48: 7 | E48: 7 | F48: green | G48: 1 | H48: 756 | I48: us | J48: 178 | K48: 0.43 | L48: 54 | M48: mww | N48: 10 | O48: 23.029 | P48: 121.348 | Q48: Lugu, Taiwan | R48: Asia | S48: Taiwan | T48: =DATE(VALUE(MID(C48,7,4)),VALUE(MID(C48,4,2)),VALUE(MID(C48,1,2)))+TIME(VALUE(MID(C48,12,2)),VALUE(MID(C48,15,2)),0) -> 44821.57 | U48: =IF(AND(ISNUMBER(VALUE(MID(A48,7,1))),ISNUMBER(SEARCH("km",A48)),ISNUMBER(SEARCH("of",A48))),"Distance-location","Named-region") -> Named-region | V48: =LOWER(M48) -> mww | W48: =IF(COUNTIFS($A$2:$A$1001,A48,$C$2:$C$1001,C48)>1,"Duplicate","Unique") -> Unique
A49: M 7.0 - 209 km SSE of Isangel, Vanuatu | B49: 7 | C49: 14/09/2022 11:04 | D49: 7 | E49: 5 | F49: green | G49: 1 | H49: 761 | I49: us | J49: 192 | K49: 2.977 | L49: 45 | M49: mww | N49: 137 | O49: -21.2077 | P49: 170.239 | Q49: Isangel, Vanuatu | T49: =DATE(VALUE(MID(C49,7,4)),VALUE(MID(C49,4,2)),VALUE(MID(C49,1,2)))+TIME(VALUE(MID(C49,12,2)),VALUE(MID(C49,15,2)),0) -> 44818.461 | U49: =IF(AND(ISNUMBER(VALUE(MID(A49,7,1))),ISNUMBER(SEARCH("km",A49)),ISNUMBER(SEARCH("of",A49))),"Distance-location","Named-region") -> Named-region | V49: =LOWER(M49) -> mww | W49: =IF(COUNTIFS($A$2:$A$1001,A49,$C$2:$C$1001,C49)>1,"Duplicate","Unique") -> Unique
A50: M 7.6 - 70 km E of Kainantu, Papua New Guinea | B50: 7.6 | C50: 10/09/2022 23:47 | D50: 8 | E50: 8 | F50: yellow | G50: 1 | H50: 965 | I50: us | J50: 272 | K50: 3.158 | L50: 12 | M50: mww | N50: 116 | O50: -6.2237 | P50: 146.471 | Q50: Kainantu, Papua New Guinea | R50: Oceania | S50: Papua New Guinea | T50: =DATE(VALUE(MID(C50,7,4)),VALUE(MID(C50,4,2)),VALUE(MID(C50,1,2)))+TIME(VALUE(MID(C50,12,2)),VALUE(MID(C50,15,2)),0) -> 44814.991 | U50: =IF(AND(ISNUMBER(VALUE(MID(A50,7,1))),ISNUMBER(SEARCH("km",A50)),ISNUMBER(SEARCH("of",A50))),"Distance-location","Named-region") -> Named-region | V50: =LOWER(M50) -> mww | W50: =IF(COUNTIFS($A$2:$A$1001,A50,$C$2:$C$1001,C50)>1,"Duplicate","Unique") -> Unique
A51: M 6.6 - 44 km SE of Kangding, China | B51: 6.6 | C51: 05/09/2022 04:52 | D51: 9 | E51: 8 | F51: orange | G51: 0 | H51: 1043 | I51: us | J51: 141 | K51: 8.454 | L51: 34 | M51: mww | N51: 12 | O51: 29.7263 | P51: 102.279 | Q51: Kangding, China | R51: Asia | S51: People's Republic of China | T51: =DATE(VALUE(MID(C51,7,4)),VALUE(MID(C51,4,2)),VALUE(MID(C51,1,2)))+TIME(VALUE(MID(C51,12,2)),VALUE(MID(C51,15,2)),0) -> 44809.203 | U51: =IF(AND(ISNUMBER(VALUE(MID(A51,7,1))),ISNUMBER(SEARCH("km",A51)),ISNUMBER(SEARCH("of",A51))),"Distance-location","Named-region") -> Named-region | V51: =LOWER(M51) -> mww | W51: =IF(COUNTIFS($A$2:$A$1001,A51,$C$2:$C$1001,C51)>1,"Duplicate","Unique") -> Unique
A52: M 6.6 - south of the Kermadec Islands | B52: 6.6 | C52: 14/08/2022 13:44 | D52: 7 | E52: 6 | F52: green | G52: 1 | H52: 672 | I52: us | J52: 68 | K52: 5.293 | L52: 34 | M52: mww | N52: 30 | O52: -32.6922 | P52: -178.959 | Q52: the Kermadec Islands | T52: =DATE(VALUE(MID(C52,7,4)),VALUE(MID(C52,4,2)),VALUE(MID(C52,1,2)))+TIME(VALUE(MID(C52,12,2)),VALUE(MID(C52,15,2)),0) -> 44787.572 | U52: =IF(AND(ISNUMBER(VALUE(MID(A52,7,1))),ISNUMBER(SEARCH("km",A52)),ISNUMBER(SEARCH("of",A52))),"Distance-location","Named-region") -> Named-region | V52: =LOWER(M52) -> mww | W52: =IF(COUNTIFS($A$2:$A$1001,A52,$C$2:$C$1001,C52)>1,"Duplicate","Unique") -> Unique
A53: M 7.0 - 11 km NE of Bantay, Philippines | B53: 7 | C53: 27/07/2022 00:43 | D53: 9 | E53: 8 | F53: yellow | G53: 1 | H53: 1351 | I53: us | J53: 152 | K53: 5.276 | L53: 22 | M53: mww | N53: 33.729 | O53: 17.5978 | P53: 120.809 | Q53: Bantay, Philippines | R53: Asia | S53: Philippines | T53: =DATE(VALUE(MID(C53,7,4)),VALUE(MID(C53,4,2)),VALUE(MID(C53,1,2)))+TIME(VALUE(MID(C53,12,2)),VALUE(MID(C53,15,2)),0) -> 44769.03 | U53: =IF(AND(ISNUMBER(VALUE(MID(A53,7,1))),ISNUMBER(SEARCH("km",A53)),ISNUMBER(SEARCH("of",A53))),"Distance-location","Named-region") -> Named-region | V53: =LOWER(M53) -> mww | W53: =IF(COUNTIFS($A$2:$A$1001,A53,$C$2:$C$1001,C53)>1,"Duplicate","Unique") -> Unique
A54: M 6.5 - 107 km SSW of Tarauacá, Brazil | B54: 6.5 | C54: 08/06/2022 00:55 | D54: 3 | E54: 2 | F54: green | G54: 0 | H54: 653 | I54: us | J54: 236 | K54: 1.999 | L54: 31 | M54: mww | N54: 622.73 | O54: -9.0618 | P54: -71.1647 | Q54: Tarauacá, Brazil | R54: South America | S54: Brazil | T54: =DATE(VALUE(MID(C54,7,4)),VALUE(MID(C54,4,2)),VALUE(MID(C54,1,2)))+TIME(VALUE(MID(C54,12,2)),VALUE(MID(C54,15,2)),0) -> 44720.038 | U54: =IF(AND(ISNUMBER(VALUE(MID(A54,7,1))),ISNUMBER(SEARCH("km",A54)),ISNUMBER(SEARCH("of",A54))),"Distance-location","Named-region") -> Named-region | V54: =LOWER(M54) -> mww | W54: =IF(COUNTIFS($A$2:$A$1001,A54,$C$2:$C$1001,C54)>1,"Duplicate","Unique") -> Unique
A55: M 7.2 - 10 km W of Azángaro, Peru | B55: 7.2 | C55: 26/05/2022 12:02 | D55: 7 | E55: 5 | F55: green | G55: 1 | H55: 876 | I55: us | J55: 144 | K55: 2.494 | L55: 40 | M55: mww | N55: 236 | O55: -14.8628 | P55: -70.3081 | Q55: Azángaro, Peru | R55: South America | S55: Peru | T55: =DATE(VALUE(MID(C55,7,4)),VALUE(MID(C55,4,2)),VALUE(MID(C55,1,2)))+TIME(VALUE(MID(C55,12,2)),VALUE(MID(C55,15,2)),0) -> 44707.501 | U55: =IF(AND(ISNUMBER(VALUE(MID(A55,7,1))),ISNUMBER(SEARCH("km",A55)),ISNUMBER(SEARCH("of",A55))),"Distance-location","Named-region") -> Named-region | V55: =LOWER(M55) -> mww | W55: =IF(COUNTIFS($A$2:$A$1001,A55,$C$2:$C$1001,C55)>1,"Duplicate","Unique") -> Unique
A56: M 6.9 - | B56: 6.9 | C56: 19/05/2022 10:13 | D56: 2 | E56: 5 | F56: green | G56: 1 | H56: 733 | I56: us | J56: 127 | K56: 0.371 | L56: 45 | M56: mww | N56: 10 | O56: -54.1325 | P56: 159.027 | T56: =DATE(VALUE(MID(C56,7,4)),VALUE(MID(C56,4,2)),VALUE(MID(C56,1,2)))+TIME(VALUE(MID(C56,12,2)),VALUE(MID(C56,15,2)),0) -> 44700.426 | U56: =IF(AND(ISNUMBER(VALUE(MID(A56,7,1))),ISNUMBER(SEARCH("km",A56)),ISNUMBER(SEARCH("of",A56))),"Distance-location","Named-region") -> Named-region | V56: =LOWER(M56) -> mww | W56: =IF(COUNTIFS($A$2:$A$1001,A56,$C$2:$C$1001,C56)>1,"Duplicate","Unique") -> Unique
A57: M 6.8 - 86 km NNW of San Antonio de los Cobres, Argentina | B57: 6.8 | C57: 10/05/2022 23:06 | D57: 6 | E57: 5 | F57: green | G57: 1 | H57: 762 | I57: us | J57: 162 | K57: 1.505 | L57: 30 | M57: mww | N57: 220 | O57: -23.6141 | P57: -66.7236 | Q57: San Antonio de los Cobres, Argentina | R57: South America | S57: Argentina | T57: =DATE(VALUE(MID(C57,7,4)),VALUE(MID(C57,4,2)),VALUE(MID(C57,1,2)))+TIME(VALUE(MID(C57,12,2)),VALUE(MID(C57,15,2)),0) -> 44691.963 | U57: =IF(AND(ISNUMBER(VALUE(MID(A57,7,1))),ISNUMBER(SEARCH("km",A57)),ISNUMBER(SEARCH("of",A57))),"Distance-location","Named-region") -> Named-region | V57: =LOWER(M57) -> mww | W57: =IF(COUNTIFS($A$2:$A$1001,A57,$C$2:$C$1001,C57)>1,"Duplicate","Unique") -> Unique
A58: M 6.6 - 55 km WSW of Masachapa, Nicaragua | B58: 6.6 | C58: 21/04/2022 07:42 | D58: 6 | E58: 5 | F58: green | G58: 1 | H58: 762 | I58: us | J58: 0 | K58: 0.914 | L58: 94 | M58: mww | N58: 27 | O58: 11.5538 | P58: -86.9919 | Q58: Masachapa, Nicaragua | T58: =DATE(VALUE(MID(C58,7,4)),VALUE(MID(C58,4,2)),VALUE(MID(C58,1,2)))+TIME(VALUE(MID(C58,12,2)),VALUE(MID(C58,15,2)),0) -> 44672.321 | U58: =IF(AND(ISNUMBER(VALUE(MID(A58,7,1))),ISNUMBER(SEARCH("km",A58)),ISNUMBER(SEARCH("of",A58))),"Distance-location","Named-region") -> Named-region | V58: =LOWER(M58) -> mww | W58: =IF(COUNTIFS($A$2:$A$1001,A58,$C$2:$C$1001,C58)>1,"Duplicate","Unique") -> Unique
A59: M 7.0 - southeast of the Loyalty Islands | B59: 7 | C59: 31/03/2022 05:44 | D59: 6 | E59: 4 | F59: green | G59: 1 | H59: 763 | I59: us | J59: 0 | K59: 2.705 | L59: 26 | M59: mww | N59: 10 | O59: -22.5732 | P59: 170.349 | Q59: the Loyalty Islands | T59: =DATE(VALUE(MID(C59,7,4)),VALUE(MID(C59,4,2)),VALUE(MID(C59,1,2)))+TIME(VALUE(MID(C59,12,2)),VALUE(MID(C59,15,2)),0) -> 44651.239 | U59: =IF(AND(ISNUMBER(VALUE(MID(A59,7,1))),ISNUMBER(SEARCH("km",A59)),ISNUMBER(SEARCH("of",A59))),"Distance-location","Named-region") -> Named-region | V59: =LOWER(M59) -> mww | W59: =IF(COUNTIFS($A$2:$A$1001,A59,$C$2:$C$1001,C59)>1,"Duplicate","Unique") -> Unique
A60: M 6.9 - 284 km ESE of Tadine, New Caledonia | B60: 6.9 | C60: 30/03/2022 20:56 | D60: 6 | E60: 4 | F60: green | G60: 1 | H60: 738 | I60: us | J60: 0 | K60: 2.697 | L60: 42 | M60: mww | N60: 10 | O60: -22.72 | P60: 170.277 | Q60: Tadine, New Caledonia | T60: =DATE(VALUE(MID(C60,7,4)),VALUE(MID(C60,4,2)),VALUE(MID(C60,1,2)))+TIME(VALUE(MID(C60,12,2)),VALUE(MID(C60,15,2)),0) -> 44650.872 | U60: =IF(AND(ISNUMBER(VALUE(MID(A60,7,1))),ISNUMBER(SEARCH("km",A60)),ISNUMBER(SEARCH("of",A60))),"Distance-location","Named-region") -> Named-region | V60: =LOWER(M60) -> mww | W60: =IF(COUNTIFS($A$2:$A$1001,A60,$C$2:$C$1001,C60)>1,"Duplicate","Unique") -> Unique
A61: M 6.7 - 65 km S of Hualien City, Taiwan | B61: 6.7 | C61: 22/03/2022 17:41 | D61: 8 | E61: 7 | F61: green | G61: 1 | H61: 806 | I61: us | J61: 0 | K61: 0.289 | L61: 32 | M61: mww | N61: 24 | O61: 23.3421 | P61: 121.636 | Q61: Hualien City, Taiwan | R61: Asia | S61: Taiwan | T61: =DATE(VALUE(MID(C61,7,4)),VALUE(MID(C61,4,2)),VALUE(MID(C61,1,2)))+TIME(VALUE(MID(C61,12,2)),VALUE(MID(C61,15,2)),0) -> 44642.737 | U61: =IF(AND(ISNUMBER(VALUE(MID(A61,7,1))),ISNUMBER(SEARCH("km",A61)),ISNUMBER(SEARCH("of",A61))),"Distance-location","Named-region") -> Named-region | V61: =LOWER(M61) -> mww | W61: =IF(COUNTIFS($A$2:$A$1001,A61,$C$2:$C$1001,C61)>1,"Duplicate","Unique") -> Unique
A62: M 7.3 - 57 km ENE of Namie, Japan | B62: 7.3 | C62: 16/03/2022 14:36 | D62: 9 | E62: 8 | F62: red | G62: 1 | H62: 2397 | I62: us | J62: 0 | K62: 2.936 | L62: 29 | M62: mww | N62: 41 | O62: 37.7015 | P62: 141.587 | Q62: Namie, Japan | T62: =DATE(VALUE(MID(C62,7,4)),VALUE(MID(C62,4,2)),VALUE(MID(C62,1,2)))+TIME(VALUE(MID(C62,12,2)),VALUE(MID(C62,15,2)),0) -> 44636.608 | U62: =IF(AND(ISNUMBER(VALUE(MID(A62,7,1))),ISNUMBER(SEARCH("km",A62)),ISNUMBER(SEARCH("of",A62))),"Distance-location","Named-region") -> Named-region | V62: =LOWER(M62) -> mww | W62: =IF(COUNTIFS($A$2:$A$1001,A62,$C$2:$C$1001,C62)>1,"Duplicate","Unique") -> Unique
A63: M 6.7 - 166 km W of Pariaman, Indonesia | B63: 6.7 | C63: 13/03/2022 21:09 | D63: 9 | E63: 6 | F63: green | G63: 0 | H63: 708 | I63: us | J63: 0 | K63: 2.188 | L63: 43 | M63: mww | N63: 28 | O63: -0.6831 | P63: 98.6034 | Q63: Pariaman, Indonesia | R63: Asia | S63: Indonesia | T63: =DATE(VALUE(MID(C63,7,4)),VALUE(MID(C63,4,2)),VALUE(MID(C63,1,2)))+TIME(VALUE(MID(C63,12,2)),VALUE(MID(C63,15,2)),0) -> 44633.881 | U63: =IF(AND(ISNUMBER(VALUE(MID(A63,7,1))),ISNUMBER(SEARCH("km",A63)),ISNUMBER(SEARCH("of",A63))),"Distance-location","Named-region") -> Named-region | V63: =LOWER(M63) -> mww | W63: =IF(COUNTIFS($A$2:$A$1001,A63,$C$2:$C$1001,C63)>1,"Duplicate","Unique") -> Unique
A64: M 6.6 - Kermadec Islands, New Zealand | B64: 6.6 | C64: 02/03/2022 12:52 | D64: 2 | E64: 7 | F64: green | G64: 1 | H64: 670 | I64: us | J64: 0 | K64: 0.827 | L64: 46 | M64: mww | N64: 24 | O64: -30.0528 | P64: -177.74 | Q64: Kermadec Islands, New Zealand | T64: =DATE(VALUE(MID(C64,7,4)),VALUE(MID(C64,4,2)),VALUE(MID(C64,1,2)))+TIME(VALUE(MID(C64,12,2)),VALUE(MID(C64,15,2)),0) -> 44622.536 | U64: =IF(AND(ISNUMBER(VALUE(MID(A64,7,1))),ISNUMBER(SEARCH("km",A64)),ISNUMBER(SEARCH("of",A64))),"Distance-location","Named-region") -> Named-region | V64: =LOWER(M64) -> mww | W64: =IF(COUNTIFS($A$2:$A$1001,A64,$C$2:$C$1001,C64)>1,"Duplicate","Unique") -> Unique
A65: M 6.8 - south of the Fiji Islands | B65: 6.8 | C65: 16/02/2022 20:21 | D65: 2 | E65: 3 | F65: green | G65: 1 | H65: 712 | I65: us | J65: 0 | K65: 5.78 | L65: 12 | M65: mww | N65: 535 | O65: -23.7852 | P65: -179.968 | Q65: the Fiji Islands | T65: =DATE(VALUE(MID(C65,7,4)),VALUE(MID(C65,4,2)),VALUE(MID(C65,1,2)))+TIME(VALUE(MID(C65,12,2)),VALUE(MID(C65,15,2)),0) -> 44608.848 | U65: =IF(AND(ISNUMBER(VALUE(MID(A65,7,1))),ISNUMBER(SEARCH("km",A65)),ISNUMBER(SEARCH("of",A65))),"Distance-location","Named-region") -> Named-region | V65: =LOWER(M65) -> mww | W65: =IF(COUNTIFS($A$2:$A$1001,A65,$C$2:$C$1001,C65)>1,"Duplicate","Unique") -> Unique
A66: M 6.5 - 49 km NW of Barranca, Peru | B66: 6.5 | C66: 03/02/2022 15:58 | D66: 8 | E66: 6 | F66: green | G66: 0 | H66: 690 | I66: us | J66: 0 | K66: 3.026 | L66: 22 | M66: mww | N66: 110 | O66: -4.455 | P66: -76.9395 | Q66: Barranca, Peru | R66: South America | S66: Peru | T66: =DATE(VALUE(MID(C66,7,4)),VALUE(MID(C66,4,2)),VALUE(MID(C66,1,2)))+TIME(VALUE(MID(C66,12,2)),VALUE(MID(C66,15,2)),0) -> 44595.665 | U66: =IF(AND(ISNUMBER(VALUE(MID(A66,7,1))),ISNUMBER(SEARCH("km",A66)),ISNUMBER(SEARCH("of",A66))),"Distance-location","Named-region") -> Named-region | V66: =LOWER(M66) -> mww | W66: =IF(COUNTIFS($A$2:$A$1001,A66,$C$2:$C$1001,C66)>1,"Duplicate","Unique") -> Unique
A67: M 6.5 - Kermadec Islands region | B67: 6.5 | C67: 29/01/2022 02:46 | D67: 7 | E67: 4 | F67: green | G67: 1 | H67: 651 | I67: us | J67: 0 | K67: 1.088 | L67: 57 | M67: mww | N67: 8 | O67: -29.535 | P67: -176.729 | Q67: Kermadec Islands region | T67: =DATE(VALUE(MID(C67,7,4)),VALUE(MID(C67,4,2)),VALUE(MID(C67,1,2)))+TIME(VALUE(MID(C67,12,2)),VALUE(MID(C67,15,2)),0) -> 44590.115 | U67: =IF(AND(ISNUMBER(VALUE(MID(A67,7,1))),ISNUMBER(SEARCH("km",A67)),ISNUMBER(SEARCH("of",A67))),"Distance-location","Named-region") -> Named-region | V67: =LOWER(M67) -> mww | W67: =IF(COUNTIFS($A$2:$A$1001,A67,$C$2:$C$1001,C67)>1,"Duplicate","Unique") -> Unique
A68: M 6.6 - 80 km SW of Labuan, Indonesia | B68: 6.6 | C68: 14/01/2022 09:05 | D68: 8 | E68: 6 | F68: green | G68: 0 | H68: 785 | I68: us | J68: 0 | K68: 2.418 | L68: 22 | M68: mww | N68: 33 | O68: -6.9291 | P68: 105.251 | Q68: Labuan, Indonesia | S68: Indonesia | T68: =DATE(VALUE(MID(C68,7,4)),VALUE(MID(C68,4,2)),VALUE(MID(C68,1,2)))+TIME(VALUE(MID(C68,12,2)),VALUE(MID(C68,15,2)),0) -> 44575.378 | U68: =IF(AND(ISNUMBER(VALUE(MID(A68,7,1))),ISNUMBER(SEARCH("km",A68)),ISNUMBER(SEARCH("of",A68))),"Distance-location","Named-region") -> Named-region | V68: =LOWER(M68) -> mww | W68: =IF(COUNTIFS($A$2:$A$1001,A68,$C$2:$C$1001,C68)>1,"Duplicate","Unique") -> Unique
A69: M 6.5 - 71 km SE of Nikolski, Alaska | B69: 6.5 | C69: 11/01/2022 12:39 | D69: 0 | E69: 3 | G69: 1 | H69: 650 | I69: at | J69: 97 | K69: 1.61607 | L69: 108 | M69: Mi | N69: 37 | O69: 52.502 | P69: -168.08 | Q69: Nikolski, Alaska | T69: =DATE(VALUE(MID(C69,7,4)),VALUE(MID(C69,4,2)),VALUE(MID(C69,1,2)))+TIME(VALUE(MID(C69,12,2)),VALUE(MID(C69,15,2)),0) -> 44572.527 | U69: =IF(AND(ISNUMBER(VALUE(MID(A69,7,1))),ISNUMBER(SEARCH("km",A69)),ISNUMBER(SEARCH("of",A69))),"Distance-location","Named-region") -> Named-region | V69: =LOWER(M69) -> mi | W69: =IF(COUNTIFS($A$2:$A$1001,A69,$C$2:$C$1001,C69)>1,"Duplicate","Unique") -> Duplicate
A70: M 6.5 - 71 km SE of Nikolski, Alaska | B70: 6.5 | C70: 11/01/2022 12:39 | D70: 0 | E70: 3 | G70: 1 | H70: 650 | I70: pt | J70: 23 | K70: 0 | L70: 208.8 | M70: Mi | N70: 37 | O70: 52.502 | P70: -168.08 | Q70: Nikolski, Alaska | T70: =DATE(VALUE(MID(C70,7,4)),VALUE(MID(C70,4,2)),VALUE(MID(C70,1,2)))+TIME(VALUE(MID(C70,12,2)),VALUE(MID(C70,15,2)),0) -> 44572.527 | U70: =IF(AND(ISNUMBER(VALUE(MID(A70,7,1))),ISNUMBER(SEARCH("km",A70)),ISNUMBER(SEARCH("of",A70))),"Distance-location","Named-region") -> Named-region | V70: =LOWER(M70) -> mi | W70: =IF(COUNTIFS($A$2:$A$1001,A70,$C$2:$C$1001,C70)>1,"Duplicate","Unique") -> Duplicate
A71: M 6.6 - 53 km SE of Nikolski, Alaska | B71: 6.6 | C71: 11/01/2022 12:39 | D71: 8 | E71: 5 | F71: green | G71: 1 | H71: 674 | I71: us | J71: 0 | K71: 0.507 | L71: 49 | M71: mww | N71: 19 | O71: 52.6252 | P71: -168.15 | Q71: Nikolski, Alaska | T71: =DATE(VALUE(MID(C71,7,4)),VALUE(MID(C71,4,2)),VALUE(MID(C71,1,2)))+TIME(VALUE(MID(C71,12,2)),VALUE(MID(C71,15,2)),0) -> 44572.527 | U71: =IF(AND(ISNUMBER(VALUE(MID(A71,7,1))),ISNUMBER(SEARCH("km",A71)),ISNUMBER(SEARCH("of",A71))),"Distance-location","Named-region") -> Named-region | V71: =LOWER(M71) -> mww | W71: =IF(COUNTIFS($A$2:$A$1001,A71,$C$2:$C$1001,C71)>1,"Duplicate","Unique") -> Unique
A72: M 6.7 - 91 km SE of Nikolski, Alaska | B72: 6.7 | C72: 11/01/2022 11:35 | D72: 0 | E72: 4 | G72: 1 | H72: 691 | I72: at | J72: 50 | K72: 0.936943 | L72: 126 | M72: Mi | N72: 33 | O72: 52.48 | P72: -167.736 | Q72: Nikolski, Alaska | T72: =DATE(VALUE(MID(C72,7,4)),VALUE(MID(C72,4,2)),VALUE(MID(C72,1,2)))+TIME(VALUE(MID(C72,12,2)),VALUE(MID(C72,15,2)),0) -> 44572.483 | U72: =IF(AND(ISNUMBER(VALUE(MID(A72,7,1))),ISNUMBER(SEARCH("km",A72)),ISNUMBER(SEARCH("of",A72))),"Distance-location","Named-region") -> Named-region | V72: =LOWER(M72) -> mi | W72: =IF(COUNTIFS($A$2:$A$1001,A72,$C$2:$C$1001,C72)>1,"Duplicate","Unique") -> Duplicate
A73: M 6.7 - 91 km SE of Nikolski, Alaska | B73: 6.7 | C73: 11/01/2022 11:35 | D73: 0 | E73: 4 | G73: 1 | H73: 691 | I73: pt | J73: 20 | K73: 0 | L73: 205.2 | M73: Mi | N73: 33 | O73: 52.48 | P73: -167.736 | Q73: Nikolski, Alaska | T73: =DATE(VALUE(MID(C73,7,4)),VALUE(MID(C73,4,2)),VALUE(MID(C73,1,2)))+TIME(VALUE(MID(C73,12,2)),VALUE(MID(C73,15,2)),0) -> 44572.483 | U73: =IF(AND(ISNUMBER(VALUE(MID(A73,7,1))),ISNUMBER(SEARCH("km",A73)),ISNUMBER(SEARCH("of",A73))),"Distance-location","Named-region") -> Named-region | V73: =LOWER(M73) -> mi | W73: =IF(COUNTIFS($A$2:$A$1001,A73,$C$2:$C$1001,C73)>1,"Duplicate","Unique") -> Duplicate
A74: M 6.8 - 100 km SE of Nikolski, Alaska | B74: 6.8 | C74: 11/01/2022 11:35 | D74: 7 | E74: 6 | F74: green | G74: 1 | H74: 730 | I74: us | J74: 0 | K74: 0.92 | L74: 61 | M74: mww | N74: 20 | O74: 52.6563 | P74: -167.917 | Q74: Nikolski, Alaska | T74: =DATE(VALUE(MID(C74,7,4)),VALUE(MID(C74,4,2)),VALUE(MID(C74,1,2)))+TIME(VALUE(MID(C74,12,2)),VALUE(MID(C74,15,2)),0) -> 44572.483 | U74: =IF(AND(ISNUMBER(VALUE(MID(A74,7,1))),ISNUMBER(SEARCH("km",A74)),ISNUMBER(SEARCH("of",A74))),"Distance-location","Named-region") -> Named-region | V74: =LOWER(M74) -> mww | W74: =IF(COUNTIFS($A$2:$A$1001,A74,$C$2:$C$1001,C74)>1,"Duplicate","Unique") -> Unique
A75: M 6.6 - 48 km WNW of Pólis, Cyprus | B75: 6.6 | C75: 11/01/2022 01:07 | D75: 6 | E75: 6 | F75: green | G75: 0 | H75: 976 | I75: us | J75: 0 | K75: 1.168 | L75: 21 | M75: mww | N75: 21 | O75: 35.1456 | P75: 31.9095 | Q75: Pólis, Cyprus | R75: Asia | T75: =DATE(VALUE(MID(C75,7,4)),VALUE(MID(C75,4,2)),VALUE(MID(C75,1,2)))+TIME(VALUE(MID(C75,12,2)),VALUE(MID(C75,15,2)),0) -> 44572.047 | U75: =IF(AND(ISNUMBER(VALUE(MID(A75,7,1))),ISNUMBER(SEARCH("km",A75)),ISNUMBER(SEARCH("of",A75))),"Distance-location","Named-region") -> Named-region | V75: =LOWER(M75) -> mww | W75: =IF(COUNTIFS($A$2:$A$1001,A75,$C$2:$C$1001,C75)>1,"Duplicate","Unique") -> Unique
A76: M 6.6 - northern Qinghai, China | B76: 6.6 | C76: 07/01/2022 17:45 | D76: 9 | E76: 8 | F76: orange | G76: 0 | H76: 1012 | I76: us | J76: 0 | K76: 2.685 | L76: 13 | M76: mww | N76: 13 | O76: 37.8167 | P76: 101.299 | Q76: northern Qinghai, China | R76: Asia | S76: People's Republic of China | T76: =DATE(VALUE(MID(C76,7,4)),VALUE(MID(C76,4,2)),VALUE(MID(C76,1,2)))+TIME(VALUE(MID(C76,12,2)),VALUE(MID(C76,15,2)),0) -> 44568.74 | U76: =IF(AND(ISNUMBER(VALUE(MID(A76,7,1))),ISNUMBER(SEARCH("km",A76)),ISNUMBER(SEARCH("of",A76))),"Distance-location","Named-region") -> Named-region | V76: =LOWER(M76) -> mww | W76: =IF(COUNTIFS($A$2:$A$1001,A76,$C$2:$C$1001,C76)>1,"Duplicate","Unique") -> Unique
A77: M 7.3 - 125 km NNE of Lospalos, Timor Leste | B77: 7.3 | C77: 29/12/2021 18:25 | D77: 8 | E77: 7 | F77: green | G77: 0 | H77: 921 | I77: us | J77: 0 | K77: 3.713 | L77: 19 | M77: mww | N77: 165.49 | O77: -7.5924 | P77: 127.581 | Q77: Lospalos, Timor Leste | S77: Indonesia | T77: =DATE(VALUE(MID(C77,7,4)),VALUE(MID(C77,4,2)),VALUE(MID(C77,1,2)))+TIME(VALUE(MID(C77,12,2)),VALUE(MID(C77,15,2)),0) -> 44559.767 | U77: =IF(AND(ISNUMBER(VALUE(MID(A77,7,1))),ISNUMBER(SEARCH("km",A77)),ISNUMBER(SEARCH("of",A77))),"Distance-location","Named-region") -> Named-region | V77: =LOWER(M77) -> mww | W77: =IF(COUNTIFS($A$2:$A$1001,A77,$C$2:$C$1001,C77)>1,"Duplicate","Unique") -> Unique
A78: M 7.3 - Flores Sea | B78: 7.3 | C78: 14/12/2021 03:20 | D78: 9 | E78: 5 | F78: green | G78: 1 | H78: 854 | I78: us | J78: 0 | K78: 1.025 | L78: 32 | M78: mww | N78: 14.27 | O78: -7.6033 | P78: 122.2 | Q78: Flores Sea | R78: Asia | S78: Indonesia | T78: =DATE(VALUE(MID(C78,7,4)),VALUE(MID(C78,4,2)),VALUE(MID(C78,1,2)))+TIME(VALUE(MID(C78,12,2)),VALUE(MID(C78,15,2)),0) -> 44544.139 | U78: =IF(AND(ISNUMBER(VALUE(MID(A78,7,1))),ISNUMBER(SEARCH("km",A78)),ISNUMBER(SEARCH("of",A78))),"Distance-location","Named-region") -> Named-region | V78: =LOWER(M78) -> mww | W78: =IF(COUNTIFS($A$2:$A$1001,A78,$C$2:$C$1001,C78)>1,"Duplicate","Unique") -> Unique
A79: M 7.5 - 43 km NNW of Barranca, Peru | B79: 7.5 | C79: 28/11/2021 10:52 | D79: 8 | E79: 8 | F79: yellow | G79: 1 | H79: 1094 | I79: us | J79: 0 | K79: 4.951 | L79: 40 | M79: mww | N79: 126 | O79: -4.4898 | P79: -76.8461 | Q79: Barranca, Peru | R79: South America | S79: Peru | T79: =DATE(VALUE(MID(C79,7,4)),VALUE(MID(C79,4,2)),VALUE(MID(C79,1,2)))+TIME(VALUE(MID(C79,12,2)),VALUE(MID(C79,15,2)),0) -> 44528.453 | U79: =IF(AND(ISNUMBER(VALUE(MID(A79,7,1))),ISNUMBER(SEARCH("km",A79)),ISNUMBER(SEARCH("of",A79))),"Distance-location","Named-region") -> Named-region | V79: =LOWER(M79) -> mww | W79: =IF(COUNTIFS($A$2:$A$1001,A79,$C$2:$C$1001,C79)>1,"Duplicate","Unique") -> Unique
A80: M 6.6 - 177 km SE of Hirara, Japan | B80: 6.6 | C80: 10/11/2021 15:45 | D80: 7 | E80: 4 | F80: green | G80: 1 | H80: 688 | I80: us | J80: 0 | K80: 3.259 | L80: 15 | M80: mww | N80: 12 | O80: 23.5414 | P80: 126.48 | Q80: Hirara, Japan | T80: =DATE(VALUE(MID(C80,7,4)),VALUE(MID(C80,4,2)),VALUE(MID(C80,1,2)))+TIME(VALUE(MID(C80,12,2)),VALUE(MID(C80,15,2)),0) -> 44510.656 | U80: =IF(AND(ISNUMBER(VALUE(MID(A80,7,1))),ISNUMBER(SEARCH("km",A80)),ISNUMBER(SEARCH("of",A80))),"Distance-location","Named-region") -> Named-region | V80: =LOWER(M80) -> mww | W80: =IF(COUNTIFS($A$2:$A$1001,A80,$C$2:$C$1001,C80)>1,"Duplicate","Unique") -> Unique
A81: M 6.9 - 112 km E of Chignik, Alaska | B81: 6.9 | C81: 11/10/2021 09:10 | D81: 8 | E81: 6 | F81: green | G81: 1 | H81: 995 | I81: ak | J81: 0 | K81: 0 | L81: 0 | M81: mww | N81: 51.6 | O81: 56.2581 | P81: -156.492 | Q81: Chignik, Alaska | R81: North America | S81: United States of America | T81: =DATE(VALUE(MID(C81,7,4)),VALUE(MID(C81,4,2)),VALUE(MID(C81,1,2)))+TIME(VALUE(MID(C81,12,2)),VALUE(MID(C81,15,2)),0) -> 44480.382 | U81: =IF(AND(ISNUMBER(VALUE(MID(A81,7,1))),ISNUMBER(SEARCH("km",A81)),ISNUMBER(SEARCH("of",A81))),"Distance-location","Named-region") -> Named-region | V81: =LOWER(M81) -> mww | W81: =IF(COUNTIFS($A$2:$A$1001,A81,$C$2:$C$1001,C81)>1,"Duplicate","Unique") -> Unique
A82: M 6.9 - Vanuatu region | B82: 6.9 | C82: 09/10/2021 10:58 | D82: 4 | E82: 3 | F82: green | G82: 1 | H82: 740 | I82: us | J82: 0 | K82: 4.778 | L82: 31 | M82: mww | N82: 535 | O82: -21.1704 | P82: 174.54 | Q82: Vanuatu region | T82: =DATE(VALUE(MID(C82,7,4)),VALUE(MID(C82,4,2)),VALUE(MID(C82,1,2)))+TIME(VALUE(MID(C82,12,2)),VALUE(MID(C82,15,2)),0) -> 44478.457 | U82: =IF(AND(ISNUMBER(VALUE(MID(A82,7,1))),ISNUMBER(SEARCH("km",A82)),ISNUMBER(SEARCH("of",A82))),"Distance-location","Named-region") -> Named-region | V82: =LOWER(M82) -> mww | W82: =IF(COUNTIFS($A$2:$A$1001,A82,$C$2:$C$1001,C82)>1,"Duplicate","Unique") -> Unique
A83: M 7.3 - Vanuatu region | B83: 7.3 | C83: 02/10/2021 06:29 | D83: 4 | E83: 4 | F83: green | G83: 1 | H83: 826 | I83: us | J83: 0 | K83: 4.493 | L83: 32 | M83: mww | N83: 527 | O83: -21.1036 | P83: 174.895 | Q83: Vanuatu region | T83: =DATE(VALUE(MID(C83,7,4)),VALUE(MID(C83,4,2)),VALUE(MID(C83,1,2)))+TIME(VALUE(MID(C83,12,2)),VALUE(MID(C83,15,2)),0) -> 44471.27 | U83: =IF(AND(ISNUMBER(VALUE(MID(A83,7,1))),ISNUMBER(SEARCH("km",A83)),ISNUMBER(SEARCH("of",A83))),"Distance-location","Named-region") -> Named-region | V83: =LOWER(M83) -> mww | W83: =IF(COUNTIFS($A$2:$A$1001,A83,$C$2:$C$1001,C83)>1,"Duplicate","Unique") -> Unique
A84: M 6.5 - 80 km SW of Jiquilillo, Nicaragua | B84: 6.5 | C84: 22/09/2021 09:57 | D84: 7 | E84: 5 | F84: green | G84: 1 | H84: 684 | I84: us | J84: 0 | K84: 0.993 | L84: 114 | M84: mww | N84: 21 | O84: 12.1598 | P84: -87.8542 | Q84: Jiquilillo, Nicaragua | T84: =DATE(VALUE(MID(C84,7,4)),VALUE(MID(C84,4,2)),VALUE(MID(C84,1,2)))+TIME(VALUE(MID(C84,12,2)),VALUE(MID(C84,15,2)),0) -> 44461.415 | U84: =IF(AND(ISNUMBER(VALUE(MID(A84,7,1))),ISNUMBER(SEARCH("km",A84)),ISNUMBER(SEARCH("of",A84))),"Distance-location","Named-region") -> Named-region | V84: =LOWER(M84) -> mww | W84: =IF(COUNTIFS($A$2:$A$1001,A84,$C$2:$C$1001,C84)>1,"Duplicate","Unique") -> Unique
A85: M 7.0 - Acapulco, Mexico | B85: 7 | C85: 08/09/2021 01:47 | D85: 8 | E85: 8 | F85: red | G85: 1 | H85: 2504 | I85: us | J85: 0 | K85: 0.07 | L85: 43 | M85: mww | N85: 20 | O85: 16.9502 | P85: -99.7877 | Q85: Acapulco, Mexico | R85: North America | S85: Mexico | T85: =DATE(VALUE(MID(C85,7,4)),VALUE(MID(C85,4,2)),VALUE(MID(C85,1,2)))+TIME(VALUE(MID(C85,12,2)),VALUE(MID(C85,15,2)),0) -> 44447.074 | U85: =IF(AND(ISNUMBER(VALUE(MID(A85,7,1))),ISNUMBER(SEARCH("km",A85)),ISNUMBER(SEARCH("of",A85))),"Distance-location","Named-region") -> Named-region | V85: =LOWER(M85) -> mww | W85: =IF(COUNTIFS($A$2:$A$1001,A85,$C$2:$C$1001,C85)>1,"Duplicate","Unique") -> Unique
A86: M 7.1 - South Sandwich Islands region | B86: 7.1 | C86: 22/08/2021 21:33 | D86: 1 | E86: 4 | F86: green | G86: 1 | H86: 776 | I86: us | J86: 0 | K86: 9.799 | L86: 32 | M86: mww | N86: 6 | O86: -60.3026 | P86: -24.9992 | Q86: South Sandwich Islands region | S86: Antarctica | T86: =DATE(VALUE(MID(C86,7,4)),VALUE(MID(C86,4,2)),VALUE(MID(C86,1,2)))+TIME(VALUE(MID(C86,12,2)),VALUE(MID(C86,15,2)),0) -> 44430.898 | U86: =IF(AND(ISNUMBER(VALUE(MID(A86,7,1))),ISNUMBER(SEARCH("km",A86)),ISNUMBER(SEARCH("of",A86))),"Distance-location","Named-region") -> Named-region | V86: =LOWER(M86) -> mww | W86: =IF(COUNTIFS($A$2:$A$1001,A86,$C$2:$C$1001,C86)>1,"Duplicate","Unique") -> Unique
A87: M 6.6 - South Sandwich Islands region | B87: 6.6 | C87: 22/08/2021 00:45 | D87: 1 | E87: 3 | F87: green | G87: 1 | H87: 670 | I87: us | J87: 0 | K87: 8.865 | L87: 19 | M87: mww | N87: 7 | O87: -60.1023 | P87: -24.4608 | Q87: South Sandwich Islands region | S87: Antarctica | T87: =DATE(VALUE(MID(C87,7,4)),VALUE(MID(C87,4,2)),VALUE(MID(C87,1,2)))+TIME(VALUE(MID(C87,12,2)),VALUE(MID(C87,15,2)),0) -> 44430.031 | U87: =IF(AND(ISNUMBER(VALUE(MID(A87,7,1))),ISNUMBER(SEARCH("km",A87)),ISNUMBER(SEARCH("of",A87))),"Distance-location","Named-region") -> Named-region | V87: =LOWER(M87) -> mww | W87: =IF(COUNTIFS($A$2:$A$1001,A87,$C$2:$C$1001,C87)>1,"Duplicate","Unique") -> Unique
A88: M 6.9 - 17 km N of Port-Olry, Vanuatu | B88: 6.9 | C88: 18/08/2021 10:10 | D88: 8 | E88: 7 | F88: green | G88: 1 | H88: 741 | I88: us | J88: 0 | K88: 0.579 | L88: 54 | M88: mww | N88: 93 | O88: -14.892 | P88: 167.085 | Q88: Port-Olry, Vanuatu | R88: Oceania | S88: Vanuatu | T88: =DATE(VALUE(MID(C88,7,4)),VALUE(MID(C88,4,2)),VALUE(MID(C88,1,2)))+TIME(VALUE(MID(C88,12,2)),VALUE(MID(C88,15,2)),0) -> 44426.424 | U88: =IF(AND(ISNUMBER(VALUE(MID(A88,7,1))),ISNUMBER(SEARCH("km",A88)),ISNUMBER(SEARCH("of",A88))),"Distance-location","Named-region") -> Named-region | V88: =LOWER(M88) -> mww | W88: =IF(COUNTIFS($A$2:$A$1001,A88,$C$2:$C$1001,C88)>1,"Duplicate","Unique") -> Unique
A89: M 6.9 - South Sandwich Islands region | B89: 6.9 | C89: 16/08/2021 11:10 | D89: 6 | E89: 4 | F89: green | G89: 1 | H89: 734 | I89: us | J89: 0 | K89: 8.363 | L89: 48 | M89: mww | N89: 16.7 | O89: -58.3814 | P89: -23.3318 | Q89: South Sandwich Islands region | T89: =DATE(VALUE(MID(C89,7,4)),VALUE(MID(C89,4,2)),VALUE(MID(C89,1,2)))+TIME(VALUE(MID(C89,12,2)),VALUE(MID(C89,15,2)),0) -> 44424.465 | U89: =IF(AND(ISNUMBER(VALUE(MID(A89,7,1))),ISNUMBER(SEARCH("km",A89)),ISNUMBER(SEARCH("of",A89))),"Distance-location","Named-region") -> Named-region | V89: =LOWER(M89) -> mww | W89: =IF(COUNTIFS($A$2:$A$1001,A89,$C$2:$C$1001,C89)>1,"Duplicate","Unique") -> Unique
A90: M 7.2 - Nippes, Haiti | B90: 7.2 | C90: 14/08/2021 12:29 | D90: 9 | E90: 8 | F90: red | G90: 1 | H90: 2331 | I90: us | J90: 0 | K90: 1.178 | L90: 23 | M90: mww | N90: 10 | O90: 18.3521 | P90: -73.4804 | Q90: Nippes, Haiti | R90: North America | S90: Haiti | T90: =DATE(VALUE(MID(C90,7,4)),VALUE(MID(C90,4,2)),VALUE(MID(C90,1,2)))+TIME(VALUE(MID(C90,12,2)),VALUE(MID(C90,15,2)),0) -> 44422.52 | U90: =IF(AND(ISNUMBER(VALUE(MID(A90,7,1))),ISNUMBER(SEARCH("km",A90)),ISNUMBER(SEARCH("of",A90))),"Distance-location","Named-region") -> Named-region | V90: =LOWER(M90) -> mww | W90: =IF(COUNTIFS($A$2:$A$1001,A90,$C$2:$C$1001,C90)>1,"Duplicate","Unique") -> Unique
A91: M 6.9 - 136 km SE of Perryville, Alaska | B91: 6.9 | C91: 14/08/2021 11:57 | D91: 5 | E91: 4 | F91: green | G91: 1 | H91: 738 | I91: ak | J91: 0 | K91: 0 | L91: 0 | M91: mww | N91: 33.3 | O91: 55.2364 | P91: -157.707 | Q91: Perryville, Alaska | T91: =DATE(VALUE(MID(C91,7,4)),VALUE(MID(C91,4,2)),VALUE(MID(C91,1,2)))+TIME(VALUE(MID(C91,12,2)),VALUE(MID(C91,15,2)),0) -> 44422.498 | U91: =IF(AND(ISNUMBER(VALUE(MID(A91,7,1))),ISNUMBER(SEARCH("km",A91)),ISNUMBER(SEARCH("of",A91))),"Distance-location","Named-region") -> Named-region | V91: =LOWER(M91) -> mww | W91: =IF(COUNTIFS($A$2:$A$1001,A91,$C$2:$C$1001,C91)>1,"Duplicate","Unique") -> Unique
A92: M 6.9 - 125 km SE of Perryville, Alaska | B92: 6.9 | C92: 14/08/2021 11:57 | D92: 5 | E92: 4 | F92: green | G92: 1 | H92: 738 | I92: us | J92: 0 | K92: 1.173 | L92: 36 | M92: mww | N92: 20.74 | O92: 55.2657 | P92: -157.68 | Q92: Perryville, Alaska | T92: =DATE(VALUE(MID(C92,7,4)),VALUE(MID(C92,4,2)),VALUE(MID(C92,1,2)))+TIME(VALUE(MID(C92,12,2)),VALUE(MID(C92,15,2)),0) -> 44422.498 | U92: =IF(AND(ISNUMBER(VALUE(MID(A92,7,1))),ISNUMBER(SEARCH("km",A92)),ISNUMBER(SEARCH("of",A92))),"Distance-location","Named-region") -> Named-region | V92: =LOWER(M92) -> mww | W92: =IF(COUNTIFS($A$2:$A$1001,A92,$C$2:$C$1001,C92)>1,"Duplicate","Unique") -> Unique
A93: M 8.1 - South Sandwich Islands region | B93: 8.1 | C93: 12/08/2021 18:35 | D93: 0 | E93: 7 | F93: green | G93: 0 | H93: 1009 | I93: us | J93: 0 | K93: 7.463 | L93: 78 | M93: mww | N93: 22.79 | O93: -58.4157 | P93: -25.3206 | Q93: South Sandwich Islands region | T93: =DATE(VALUE(MID(C93,7,4)),VALUE(MID(C93,4,2)),VALUE(MID(C93,1,2)))+TIME(VALUE(MID(C93,12,2)),VALUE(MID(C93,15,2)),0) -> 44420.774 | U93: =IF(AND(ISNUMBER(VALUE(MID(A93,7,1))),ISNUMBER(SEARCH("km",A93)),ISNUMBER(SEARCH("of",A93))),"Distance-location","Named-region") -> Named-region | V93: =LOWER(M93) -> mww | W93: =IF(COUNTIFS($A$2:$A$1001,A93,$C$2:$C$1001,C93)>1,"Duplicate","Unique") -> Unique
A94: M 7.5 - South Sandwich Islands region | B94: 7.5 | C94: 12/08/2021 18:32 | D94: 9 | E94: 6 | F94: green | G94: 1 | H94: 868 | I94: us | J94: 0 | K94: 7.227 | L94: 38 | M94: mww | N94: 47.23 | O94: -57.5959 | P94: -25.1874 | Q94: South Sandwich Islands region | T94: =DATE(VALUE(MID(C94,7,4)),VALUE(MID(C94,4,2)),VALUE(MID(C94,1,2)))+TIME(VALUE(MID(C94,12,2)),VALUE(MID(C94,15,2)),0) -> 44420.772 | U94: =IF(AND(ISNUMBER(VALUE(MID(A94,7,1))),ISNUMBER(SEARCH("km",A94)),ISNUMBER(SEARCH("of",A94))),"Distance-location","Named-region") -> Named-region | V94: =LOWER(M94) -> mww | W94: =IF(COUNTIFS($A$2:$A$1001,A94,$C$2:$C$1001,C94)>1,"Duplicate","Unique") -> Unique
A95: M 7.1 - 60 km ENE of Pondaguitan, Philippines | B95: 7.1 | C95: 11/08/2021 17:46 | D95: 9 | E95: 7 | F95: green | G95: 1 | H95: 846 | I95: us | J95: 0 | K95: 1.273 | L95: 25 | M95: mww | N95: 55.14 | O95: 6.4547 | P95: 126.742 | Q95: Pondaguitan, Philippines | T95: =DATE(VALUE(MID(C95,7,4)),VALUE(MID(C95,4,2)),VALUE(MID(C95,1,2)))+TIME(VALUE(MID(C95,12,2)),VALUE(MID(C95,15,2)),0) -> 44419.74 | U95: =IF(AND(ISNUMBER(VALUE(MID(A95,7,1))),ISNUMBER(SEARCH("km",A95)),ISNUMBER(SEARCH("of",A95))),"Distance-location","Named-region") -> Named-region | V95: =LOWER(M95) -> mww | W95: =IF(COUNTIFS($A$2:$A$1001,A95,$C$2:$C$1001,C95)>1,"Duplicate","Unique") -> Unique
A96: M 8.2 - 91 km ESE of Perryville, Alaska | B96: 8.2 | C96: 29/07/2021 06:15 | D96: 8 | E96: 6 | F96: green | G96: 1 | H96: 1237 | I96: us | J96: 0 | K96: 0.875 | L96: 66 | M96: mww | N96: 46.66 | O96: 55.4742 | P96: -157.917 | Q96: Perryville, Alaska | T96: =DATE(VALUE(MID(C96,7,4)),VALUE(MID(C96,4,2)),VALUE(MID(C96,1,2)))+TIME(VALUE(MID(C96,12,2)),VALUE(MID(C96,15,2)),0) -> 44406.26 | U96: =IF(AND(ISNUMBER(VALUE(MID(A96,7,1))),ISNUMBER(SEARCH("km",A96)),ISNUMBER(SEARCH("of",A96))),"Distance-location","Named-region") -> Named-region | V96: =LOWER(M96) -> mww | W96: =IF(COUNTIFS($A$2:$A$1001,A96,$C$2:$C$1001,C96)>1,"Duplicate","Unique") -> Unique
A97: M 8.2 - 99 km SE of Perryville, Alaska | B97: 8.2 | C97: 29/07/2021 06:15 | D97: 8 | E97: 7 | F97: yellow | G97: 1 | H97: 1252 | I97: ak | J97: 0 | K97: 0 | L97: 0 | M97: mww | N97: 35 | O97: 55.3154 | P97: -157.829 | Q97: Perryville, Alaska | T97: =DATE(VALUE(MID(C97,7,4)),VALUE(MID(C97,4,2)),VALUE(MID(C97,1,2)))+TIME(VALUE(MID(C97,12,2)),VALUE(MID(C97,15,2)),0) -> 44406.26 | U97: =IF(AND(ISNUMBER(VALUE(MID(A97,7,1))),ISNUMBER(SEARCH("km",A97)),ISNUMBER(SEARCH("of",A97))),"Distance-location","Named-region") -> Named-region | V97: =LOWER(M97) -> mww | W97: =IF(COUNTIFS($A$2:$A$1001,A97,$C$2:$C$1001,C97)>1,"Duplicate","Unique") -> Unique
A98: M 6.7 - 15 km S of Hukay, Philippines | B98: 6.7 | C98: 23/07/2021 20:48 | D98: 8 | E98: 5 | F98: green | G98: 1 | H98: 935 | I98: us | J98: 0 | K98: 8.139 | L98: 12 | M98: mww | N98: 110 | O98: 13.6989 | P98: 120.713 | Q98: Hukay, Philippines | R98: Asia | S98: Philippines | T98: =DATE(VALUE(MID(C98,7,4)),VALUE(MID(C98,4,2)),VALUE(MID(C98,1,2)))+TIME(VALUE(MID(C98,12,2)),VALUE(MID(C98,15,2)),0) -> 44400.867 | U98: =IF(AND(ISNUMBER(VALUE(MID(A98,7,1))),ISNUMBER(SEARCH("km",A98)),ISNUMBER(SEARCH("of",A98))),"Distance-location","Named-region") -> Named-region | V98: =LOWER(M98) -> mww | W98: =IF(COUNTIFS($A$2:$A$1001,A98,$C$2:$C$1001,C98)>1,"Duplicate","Unique") -> Unique
A99: M 6.7 - 71 km S of Burica, Panama | B99: 6.7 | C99: 21/07/2021 21:15 | D99: 6 | E99: 6 | F99: green | G99: 1 | H99: 830 | I99: us | J99: 0 | K99: 1.395 | L99: 61 | M99: mww | N99: 10 | O99: 7.5904 | P99: -82.8813 | Q99: Burica, Panama | T99: =DATE(VALUE(MID(C99,7,4)),VALUE(MID(C99,4,2)),VALUE(MID(C99,1,2)))+TIME(VALUE(MID(C99,12,2)),VALUE(MID(C99,15,2)),0) -> 44398.885 | U99: =IF(AND(ISNUMBER(VALUE(MID(A99,7,1))),ISNUMBER(SEARCH("km",A99)),ISNUMBER(SEARCH("of",A99))),"Distance-location","Named-region") -> Named-region | V99: =LOWER(M99) -> mww | W99: =IF(COUNTIFS($A$2:$A$1001,A99,$C$2:$C$1001,C99)>1,"Duplicate","Unique") -> Unique
A100: M 6.5 - Kermadec Islands, New Zealand | B100: 6.5 | C100: 20/06/2021 17:05 | D100: 0 | E100: 4 | F100: green | G100: 1 | H100: 650 | I100: us | J100: 0 | K100: 7.994 | L100: 24 | M100: mww | N100: 25 | O100: -30.2144 | P100: -177.773 | Q100: Kermadec Islands, New Zealand | T100: =DATE(VALUE(MID(C100,7,4)),VALUE(MID(C100,4,2)),VALUE(MID(C100,1,2)))+TIME(VALUE(MID(C100,12,2)),VALUE(MID(C100,15,2)),0) -> 44367.712 | U100: =IF(AND(ISNUMBER(VALUE(MID(A100,7,1))),ISNUMBER(SEARCH("km",A100)),ISNUMBER(SEARCH("of",A100))),"Distance-location","Named-region") -> Named-region | V100: =LOWER(M100) -> mww | W100: =IF(COUNTIFS($A$2:$A$1001,A100,$C$2:$C$1001,C100)>1,"Duplicate","Unique") -> Unique
...

Sheet Exploration
A1: Lab Assignment 3 – Task 1: Excel-Based Exploration
A3: Metric | B3: Live Excel Formula | C3: Result
A4: Number of records | B4: =COUNTA(Raw_Data!A2:A1001) -> 1000 | C4: =COUNTA(Raw_Data!A2:A1001) -> 1000
A5: Minimum magnitude | B5: =MIN(Raw_Data!B2:B1001) -> 6.5 | C5: =MIN(Raw_Data!B2:B1001) -> 6.5
A6: Maximum magnitude | B6: =MAX(Raw_Data!B2:B1001) -> 9.1 | C6: =MAX(Raw_Data!B2:B1001) -> 9.1
A7: Average magnitude | B7: =AVERAGE(Raw_Data!B2:B1001) -> 6.94015 | C7: =AVERAGE(Raw_Data!B2:B1001) -> 6.94015
A8: Minimum depth | B8: =MIN(Raw_Data!N2:N1001) -> 2.7 | C8: =MIN(Raw_Data!N2:N1001) -> 2.7
A9: Maximum depth | B9: =MAX(Raw_Data!N2:N1001) -> 670.81 | C9: =MAX(Raw_Data!N2:N1001) -> 670.81
A10: Average depth | B10: =AVERAGE(Raw_Data!N2:N1001) -> 74.612541 | C10: =AVERAGE(Raw_Data!N2:N1001) -> 74.612541
A13: Magnitude Type | B13: Count | D13: Alert Level | E13: Count
A14: Mi | B14: =COUNTIF(Raw_Data!M$2:M$1001,A14) -> 5 | D14: green | E14: =COUNTIF(Raw_Data!F$2:F$1001,D14) -> 353
A15: mb | B15: =COUNTIF(Raw_Data!M$2:M$1001,A15) -> 4 | D15: yellow | E15: =COUNTIF(Raw_Data!F$2:F$1001,D15) -> 59
A16: md | B16: =COUNTIF(Raw_Data!M$2:M$1001,A16) -> 2 | D16: orange | E16: =COUNTIF(Raw_Data!F$2:F$1001,D16) -> 24
A17: ml | B17: =COUNTIF(Raw_Data!M$2:M$1001,A17) -> 1 | D17: red | E17: =COUNTIF(Raw_Data!F$2:F$1001,D17) -> 13
A18: ms | B18: =COUNTIF(Raw_Data!M$2:M$1001,A18) -> 3 | D18: (blank) | E18: =COUNTBLANK(Raw_Data!F$2:F$1001) -> 551
A19: mw | B19: =COUNTIF(Raw_Data!M$2:M$1001,A19) -> 51
A20: mwb | B20: =COUNTIF(Raw_Data!M$2:M$1001,A20) -> 100
A21: mwc | B21: =COUNTIF(Raw_Data!M$2:M$1001,A21) -> 332
A22: mww | B22: =COUNTIF(Raw_Data!M$2:M$1001,A22) -> 502
A25: Magnitude Band | B25: Count | D25: Year | E25: Event Count
A26: 6.5–6.9 | B26: =COUNTIFS(Raw_Data!B$2:B$1001,">=6.5",Raw_Data!B$2:B$1001,"<=6.9") -> 627 | D26: 1995 | E26: =COUNTIFS(Raw_Data!T$2:T$1001,">="&DATE(D26,1,1),Raw_Data!T$2:T$1001,"<"&DATE(D26+1,1,1)) -> 29
A27: 7.0–7.4 | B27: =COUNTIFS(Raw_Data!B$2:B$1001,">=7.0",Raw_Data!B$2:B$1001,"<=7.4") -> 229 | D27: 1996 | E27: =COUNTIFS(Raw_Data!T$2:T$1001,">="&DATE(D27,1,1),Raw_Data!T$2:T$1001,"<"&DATE(D27+1,1,1)) -> 35
A28: 7.5–7.9 | B28: =COUNTIFS(Raw_Data!B$2:B$1001,">=7.5",Raw_Data!B$2:B$1001,"<=7.9") -> 112 | D28: 1997 | E28: =COUNTIFS(Raw_Data!T$2:T$1001,">="&DATE(D28,1,1),Raw_Data!T$2:T$1001,"<"&DATE(D28+1,1,1)) -> 28
A29: 8.0–8.4 | B29: =COUNTIFS(Raw_Data!B$2:B$1001,">=8.0",Raw_Data!B$2:B$1001,"<=8.4") -> 27 | D29: 1998 | E29: =COUNTIFS(Raw_Data!T$2:T$1001,">="&DATE(D29,1,1),Raw_Data!T$2:T$1001,"<"&DATE(D29+1,1,1)) -> 23
A30: 8.5+ | B30: =COUNTIFS(Raw_Data!B$2:B$1001,">=8.5",Raw_Data!B$2:B$1001,"<=99") -> 5 | D30: 1999 | E30: =COUNTIFS(Raw_Data!T$2:T$1001,">="&DATE(D30,1,1),Raw_Data!T$2:T$1001,"<"&DATE(D30+1,1,1)) -> 33
D31: 2000 | E31: =COUNTIFS(Raw_Data!T$2:T$1001,">="&DATE(D31,1,1),Raw_Data!T$2:T$1001,"<"&DATE(D31+1,1,1)) -> 35
D32: 2001 | E32: =COUNTIFS(Raw_Data!T$2:T$1001,">="&DATE(D32,1,1),Raw_Data!T$2:T$1001,"<"&DATE(D32+1,1,1)) -> 28
D33: 2002 | E33: =COUNTIFS(Raw_Data!T$2:T$1001,">="&DATE(D33,1,1),Raw_Data!T$2:T$1001,"<"&DATE(D33+1,1,1)) -> 25
D34: 2003 | E34: =COUNTIFS(Raw_Data!T$2:T$1001,">="&DATE(D34,1,1),Raw_Data!T$2:T$1001,"<"&DATE(D34+1,1,1)) -> 31
D35: 2004 | E35: =COUNTIFS(Raw_Data!T$2:T$1001,">="&DATE(D35,1,1),Raw_Data!T$2:T$1001,"<"&DATE(D35+1,1,1)) -> 32
D36: 2005 | E36: =COUNTIFS(Raw_Data!T$2:T$1001,">="&DATE(D36,1,1),Raw_Data!T$2:T$1001,"<"&DATE(D36+1,1,1)) -> 28
D37: 2006 | E37: =COUNTIFS(Raw_Data!T$2:T$1001,">="&DATE(D37,1,1),Raw_Data!T$2:T$1001,"<"&DATE(D37+1,1,1)) -> 26
D38: 2007 | E38: =COUNTIFS(Raw_Data!T$2:T$1001,">="&DATE(D38,1,1),Raw_Data!T$2:T$1001,"<"&DATE(D38+1,1,1)) -> 37
D39: 2008 | E39: =COUNTIFS(Raw_Data!T$2:T$1001,">="&DATE(D39,1,1),Raw_Data!T$2:T$1001,"<"&DATE(D39+1,1,1)) -> 25
D40: 2009 | E40: =COUNTIFS(Raw_Data!T$2:T$1001,">="&DATE(D40,1,1),Raw_Data!T$2:T$1001,"<"&DATE(D40+1,1,1)) -> 26
D41: 2010 | E41: =COUNTIFS(Raw_Data!T$2:T$1001,">="&DATE(D41,1,1),Raw_Data!T$2:T$1001,"<"&DATE(D41+1,1,1)) -> 41
D42: 2011 | E42: =COUNTIFS(Raw_Data!T$2:T$1001,">="&DATE(D42,1,1),Raw_Data!T$2:T$1001,"<"&DATE(D42+1,1,1)) -> 34
... D54: 2023 | E54: =COUNTIFS(Raw_Data!T$2:T$1001,">="&DATE(D54,1,1),Raw_Data!T$2:T$1001,"<"&DATE(D54+1,1,1)) -> 34

Sheet Quality_Audit
A1: Lab Assignment 3 – Task 2: Data Type and Quality Audit
A3: Column | B3: Data Type | C3: Blank Count | D3: Blank % | E3: Audit / Formula | F3: Status
A4: title | B4: Text | C4: =COUNTBLANK(Raw_Data!A$2:A$1001) -> 0 | D4: =C4/1000 -> 0 | E4: =IF(C4=0,"No blanks","Blanks present") -> No blanks | F4: =IF(OR(B4="Datetime",AND(B4="Text",C4>0)),"Review","OK") -> OK
A5: magnitude | B5: Numeric | C5: =COUNTBLANK(Raw_Data!B$2:B$1001) -> 0 | D5: =C5/1000 -> 0 | E5: =IF(C5=0,"No blanks","Blanks present") -> No blanks | F5: =IF(OR(B5="Datetime",AND(B5="Text",C5>0)),"Review","OK") -> OK
A6: date_time | B6: Text | C6: =COUNTBLANK(Raw_Data!C$2:C$1001) -> 0 | D6: =C6/1000 -> 0 | E6: =IF(C6=0,"No blanks","Blanks present") -> No blanks | F6: =IF(OR(B6="Datetime",AND(B6="Text",C6>0)),"Review","OK") -> OK
A7: cdi | B7: Numeric | C7: =COUNTBLANK(Raw_Data!D$2:D$1001) -> 0 | D7: =C7/1000 -> 0 | E7: =IF(C7=0,"No blanks","Blanks present") -> No blanks | F7: =IF(OR(B7="Datetime",AND(B7="Text",C7>0)),"Review","OK") -> OK
A8: mmi | B8: Numeric | C8: =COUNTBLANK(Raw_Data!E$2:E$1001) -> 0 | D8: =C8/1000 -> 0 | E8: =IF(C8=0,"No blanks","Blanks present") -> No blanks | F8: =IF(OR(B8="Datetime",AND(B8="Text",C8>0)),"Review","OK") -> OK
A9: alert | B9: Categorical | C9: =COUNTBLANK(Raw_Data!F$2:F$1001) -> 551 | D9: =C9/1000 -> 0.551 | E9: =IF(C9=0,"No blanks","Blanks present") -> Blanks present | F9: =IF(OR(B9="Datetime",AND(B9="Text",C9>0)),"Review","OK") -> OK
A10: tsunami | B10: Numeric | C10: =COUNTBLANK(Raw_Data!G$2:G$1001) -> 0 | D10: =C10/1000 -> 0 | E10: =IF(C10=0,"No blanks","Blanks present") -> No blanks | F10: =IF(OR(B10="Datetime",AND(B10="Text",C10>0)),"Review","OK") -> OK
A11: sig | B11: Numeric | C11: =COUNTBLANK(Raw_Data!H$2:H$1001) -> 0 | D11: =C11/1000 -> 0 | E11: =IF(C11=0,"No blanks","Blanks present") -> No blanks | F11: =IF(OR(B11="Datetime",AND(B11="Text",C11>0)),"Review","OK") -> OK
A12: net | B12: Categorical | C12: =COUNTBLANK(Raw_Data!I$2:I$1001) -> 0 | D12: =C12/1000 -> 0 | E12: =IF(C12=0,"No blanks","Blanks present") -> No blanks | F12: =IF(OR(B12="Datetime",AND(B12="Text",C12>0)),"Review","OK") -> OK
A13: nst | B13: Numeric | C13: =COUNTBLANK(Raw_Data!J$2:J$1001) -> 0 | D13: =C13/1000 -> 0 | E13: =IF(C13=0,"No blanks","Blanks present") -> No blanks | F13: =IF(OR(B13="Datetime",AND(B13="Text",C13>0)),"Review","OK") -> OK
A14: dmin | B14: Numeric | C14: =COUNTBLANK(Raw_Data!K$2:K$1001) -> 0 | D14: =C14/1000 -> 0 | E14: =IF(C14=0,"No blanks","Blanks present") -> No blanks | F14: =IF(OR(B14="Datetime",AND(B14="Text",C14>0)),"Review","OK") -> OK
A15: gap | B15: Numeric | C15: =COUNTBLANK(Raw_Data!L$2:L$1001) -> 0 | D15: =C15/1000 -> 0 | E15: =IF(C15=0,"No blanks","Blanks present") -> No blanks | F15: =IF(OR(B15="Datetime",AND(B15="Text",C15>0)),"Review","OK") -> OK
A16: magType | B16: Categorical | C16: =COUNTBLANK(Raw_Data!M$2:M$1001) -> 0 | D16: =C16/1000 -> 0 | E16: =IF(C16=0,"No blanks","Blanks present") -> No blanks | F16: =IF(OR(B16="Datetime",AND(B16="Text",C16>0)),"Review","OK") -> OK
A17: depth | B17: Numeric | C17: =COUNTBLANK(Raw_Data!N$2:N$1001) -> 0 | D17: =C17/1000 -> 0 | E17: =IF(C17=0,"No blanks","Blanks present") -> No blanks | F17: =IF(OR(B17="Datetime",AND(B17="Text",C17>0)),"Review","OK") -> OK
A18: latitude | B18: Numeric | C18: =COUNTBLANK(Raw_Data!O$2:O$1001) -> 0 | D18: =C18/1000 -> 0 | E18: =IF(C18=0,"No blanks","Blanks present") -> No blanks | F18: =IF(OR(B18="Datetime",AND(B18="Text",C18>0)),"Review","OK") -> OK
A19: longitude | B19: Numeric | C19: =COUNTBLANK(Raw_Data!P$2:P$1001) -> 0 | D19: =C19/1000 -> 0 | E19: =IF(C19=0,"No blanks","Blanks present") -> No blanks | F19: =IF(OR(B19="Datetime",AND(B19="Text",C19>0)),"Review","OK") -> OK
A20: location | B20: Text | C20: =COUNTBLANK(Raw_Data!Q$2:Q$1001) -> 6 | D20: =C20/1000 -> 0.006 | E20: =IF(C20=0,"No blanks","Blanks present") -> Blanks present | F20: =IF(OR(B20="Datetime",AND(B20="Text",C20>0)),"Review","OK") -> Review
A21: continent | B21: Categorical | C21: =COUNTBLANK(Raw_Data!R$2:R$1001) -> 716 | D21: =C21/1000 -> 0.716 | E21: =IF(C21=0,"No blanks","Blanks present") -> Blanks present | F21: =IF(OR(B21="Datetime",AND(B21="Text",C21>0)),"Review","OK") -> OK
A22: country | B22: Categorical | C22: =COUNTBLANK(Raw_Data!S$2:S$1001) -> 349 | D22: =C22/1000 -> 0.349 | E22: =IF(C22=0,"No blanks","Blanks present") -> Blanks present | F22: =IF(OR(B22="Datetime",AND(B22="Text",C22>0)),"Review","OK") -> OK
A27: Required Quality Check | B27: Formula / Result
A28: Blank % – alert | B28: =COUNTBLANK(Raw_Data!F2:F1001)/1000 -> 0.551
A29: Blank % – continent | B29: =COUNTBLANK(Raw_Data!R2:R1001)/1000 -> 0.716
A30: Blank % – country | B30: =COUNTBLANK(Raw_Data!S2:S1001)/1000 -> 0.349
A31: Blank % – location | B31: =COUNTBLANK(Raw_Data!Q2:Q1001)/1000 -> 0.006
A32: Raw date_time is numeric? | B32: =ISNUMBER(Raw_Data!C2) -> FALSE
A33: Converted datetime is numeric? | B33: =ISNUMBER(Raw_Data!T2) -> TRUE
A34: Distance-location title count | B34: =COUNTIF(Raw_Data!U2:U1001,"Distance-location") -> 0
A35: Named-region title count | B35: =COUNTIF(Raw_Data!U2:U1001,"Named-region") -> 1000
A36: Unique magType count before normalization | B36: =COUNTA(unique(Raw_Data!M2:M1001)) -> 1
A37: Unique magType count after normalization | B37: =COUNTA(unique(Raw_Data!V2:V1001)) -> 1
A38: Rows flagged as duplicates | B38: =COUNTIF(Raw_Data!W2:W1001,"Duplicate") -> 4
A40: Date conversion formula used in Raw_Data!T: | B40: =DATE(VALUE(MID(C2,7,4)),VALUE(MID(C2,4,2)),VALUE(MID(C2,1,2)))+TIME(VALUE(MID(C2,12,2)),VALUE(MID(C2,15,2)),0) -> #VALUE!
A41: Title classification formula used in Raw_Data!U: | B41: =IF(AND(ISNUMBER(VALUE(MID(A2,7,1))),ISNUMBER(SEARCH("km",A2)),ISNUMBER(SEARCH("of",A2))),"Distance-location","Named-region") -> Named-region
A42: Normalization formula used in Raw_Data!V: | B42: =LOWER(M2)
A43: Duplicate formula used in Raw_Data!W: | B43: =IF(COUNTIFS($A$2:$A$1001,A2,$C$2:$C$1001,C2)>1,"Duplicate","Unique") -> Unique

Sheet Dashboard
A1: EARTHQUAKE DATA EXPLORATION DASHBOARD
A3: Records | C3: Avg Magnitude | E3: Max Magnitude | G3: Max Depth
A4: =COUNTA(Raw_Data!A2:A1001) -> 1000 | C4: =AVERAGE(Raw_Data!B2:B1001) -> 6.94015 | E4: =MAX(Raw_Data!B2:B1001) -> 9.1 | G4: =MAX(Raw_Data!N2:N1001) -> 670.81
A7: Key data-quality findings
A8: Alert blank % | B8: =COUNTBLANK(Raw_Data!F2:F1001)/1000 -> 0.551
A9: Continent blank % | B9: =COUNTBLANK(Raw_Data!R2:R1001)/1000 -> 0.716
A10: Country blank % | B10: =COUNTBLANK(Raw_Data!S2:S1001)/1000 -> 0.349
A11: Location blank % | B11: =COUNTBLANK(Raw_Data!Q2:Q1001)/1000 -> 0.006
A12: Duplicate rows | B12: =COUNTIF(Raw_Data!W2:W1001,"Duplicate") -> 4

Sheet Data_Quality_Summary
A1: Data Quality Summary – Lab 4 Cleaning Plan
A3: Issue Found | B3: Evidence / Formula | C3: Recommended Lab 4 Fix | D3: Priority
A4: Alert has many blanks | B4: COUNTBLANK(F2:F1001)/1000 | C4: Keep missing as NaN/unknown; optionally map known alert categories consistently. | D4: High
A5: Continent is heavily incomplete | B5: COUNTBLANK(R2:R1001)/1000 | C5: Retain missing values or derive from coordinates only if the project rules permit; do not invent labels. | D5: High
A6: Country has missing values | B6: COUNTBLANK(S2:S1001)/1000 | C6: Standardise country names and preserve unresolved records as missing. | D6: Medium
A7: Location has a few blanks | B7: COUNTBLANK(Q2:Q1001)/1000 | C7: Keep nulls; inspect whether coordinates can support later enrichment. | D7: Low
A8: date_time is stored as text | B8: ISNUMBER(C2) returns FALSE; converted_datetime returns TRUE | C8: Convert to datetime during Python preprocessing and validate parsing failures. | D8: High
A9: Titles use two formats | B9: Helper column separates Distance-location and Named-region | C9: Parse title with robust regex; keep original title and create structured location fields. | D9: Medium
A10: magType casing is inconsistent | B10: LOWER(magType) collapses 'Mi' into 'mi' | C10: Normalize to lowercase before grouping/modeling; document that methods are not inherently interchangeable. | D10: High
A11: Near-duplicate events exist | B11: COUNTIFS(title,date_time) flags repeated combinations | C11: Review duplicate groups and deduplicate only after confirming event identity. | D11: High
A12: Magnitude methods differ | B12: Multiple magType categories are present | C12: Do not compare magnitude values across methods without method-aware analysis. | D12: High

Sheet Read_Me
A1: Submission Notes
A3: • Workbook completed from the supplied earthquake_1995-2023 CSV and the assignment brief.
A4: • All counts, percentages, conversions, classifications, and duplicate flags are driven by Excel formulas.
A5: • Sheets: Raw_Data, Exploration, Quality_Audit, Dashboard, Data_Quality_Summary, Read_Me.
A6: • Open in Microsoft Excel and allow formulas to recalculate. The workbook includes Pivot-style summary tables and charts; the source brief requests PivotTables specifically, but this generated workbook uses live COUNTIF/COUNTIFS summaries for maximum compatibility.
A7: • Original data are preserved in Raw_Data; helper columns are added only for analysis.
